CustomerID,NumTransactions,TotalSpent,UniqueProducts
12346,1,77183.6,1
12347,7,4310.0,103
12348,4,1797.24,22
12349,1,1757.55,73
12350,1,334.4,17
12352,8,2506.04,59
12353,1,89.0,4
12354,1,1079.4,58
12355,1,459.4,13
12356,3,2811.43,53
12357,1,6207.67,131
12358,2,1168.06,13
12359,4,6310.03,214
12360,3,2662.06,105
12361,1,189.9,10
12362,10,5226.23,201
12363,2,552.0,23
12364,4,1313.1,70
12365,2,641.38,22
12367,1,168.9,11
12370,4,3541.94,143
12371,2,1887.96,63
12372,3,1298.04,34
12373,1,364.6,14
12374,1,742.9300000000001,33
12375,2,457.5,14
12377,2,1628.12,72
12378,1,4008.62,219
12379,2,852.24,39
12380,4,2724.81,77
12381,5,1845.31,70
12383,5,1850.56,84
12384,2,585.27,26
12386,2,401.9,10
12388,6,2780.66,57
12390,1,549.84,32
12391,1,439.66,92
12393,4,1582.6000000000001,47
12394,2,1272.48,26
12395,12,3018.63,91
12397,2,2409.9,110
12398,1,1635.6599999999999,85
12399,4,1108.65,47
12401,1,84.3,5
12402,1,225.6,11
12403,1,427.7,5
12405,1,1710.39,54
12406,2,3415.3,92
12407,5,1708.1200000000001,57
12408,5,2888.55,81
12409,3,11072.67,91
12410,2,693.3299999999999,26
12412,3,1226.88,43
12413,3,758.1,29
12414,3,562.41,16
12415,21,124914.53,444
12417,9,3649.1,158
12418,1,668.58,34
12420,1,600.39,29
12421,4,807.04,32
12422,3,803.5600000000001,39
12423,8,1859.31,97
12424,2,1760.96,30
12425,1,777.2,36
12426,1,582.73,30
12427,3,825.8,26
12428,9,7956.46,258
12429,4,3750.4,82
12430,1,256.4,11
12431,15,6419.95,163
12432,5,5059.32,107
12433,7,13375.87,219
12434,2,806.14,46
12435,2,7829.89,31
12436,1,509.01,16
12437,18,4951.41,118
12438,2,2906.85,84
12441,1,173.55,11
12442,1,172.06,12
12444,5,5005.46,138
12445,1,133.4,4
12446,1,1002.3100000000001,57
12447,1,476.49,26
12448,1,449.45,22
12449,4,4067.29,118
12450,2,197.88,7
12451,5,9035.52,265
12452,2,430.57,21
12453,1,707.09,43
12454,1,3528.34,15
12455,6,2466.86,85
12456,3,3181.04,105
12457,7,2363.23,53
12458,2,947.4,35
12461,2,826.88,35
12462,2,1189.59,51
12463,4,1344.78,65
12464,8,1212.05,6
12465,2,742.1899999999999,46
12468,2,729.5400000000001,36
12471,30,19788.65,150
12472,7,6572.11,219
12473,5,3928.0499999999997,140
12474,18,7324.09,253
12475,1,723.38,36
12476,11,6816.42,177
12477,6,13219.74,191
12478,1,680.99,36
12479,1,527.2,31
12480,4,3281.63,129
12481,10,5579.82,150
12483,8,2484.98,46
12484,6,4527.32,256
12488,3,1298.66,46
12489,1,334.93,15
12490,10,5417.93,131
12491,1,460.40000000000003,25
12492,2,263.21000000000004,19
12493,2,433.74,20
12494,7,1246.1000000000001,63
12497,1,1043.1,14
12498,3,403.70000000000005,21
12500,11,4257.82,34
12501,1,2169.39,149
12502,5,3723.87,102
12504,2,482.04999999999995,6
12506,1,73.5,23
12507,3,1304.81,19
12508,2,397.88,57
12509,1,176.5,7
12510,2,982.5699999999999,29
12512,2,132.18,31
12513,1,612.29,35
12514,1,1017.68,51
12515,1,383.7,16
12516,2,1312.06,20
12517,5,2481.6,232
12518,5,2056.89,84
12519,1,330.84,17
12520,5,2634.26,121
12521,1,599.68,38
12522,2,192.72,11
12523,11,1789.77,84
12524,8,4485.72,113
12526,3,1316.66,64
12527,3,348.71000000000004,18
12528,6,1933.48,50
12530,4,1662.28,51
12531,1,125.22,17
12532,1,349.83000000000004,16
12534,1,1089.18,63
12535,2,716.35,28
12536,3,12601.830000000002,260
12538,1,363.95,21
12539,4,5568.35,157
12540,17,13400.24,277
12541,3,981.18,46
12544,1,372.7,19
12545,2,1000.39,42
12546,2,1161.5,59
12547,2,207.79999999999998,7
12548,1,95.19999999999999,5
12550,1,964.83,57
12551,1,168.0,10
12552,2,437.82,20
12553,10,3692.28,95
12556,2,599.56,100
12557,5,11990.960000000001,15
12558,1,269.96,11
12559,2,561.71,21
12560,3,2134.01,91
12561,1,238.85,16
12562,7,3781.7400000000002,99
12564,1,456.9,21
12565,1,145.92,9
12566,1,351.65,19
12567,10,9401.28,323
12569,32,4124.69,92
12571,2,519.61,31
12572,2,1020.42,53
12573,1,160.54000000000002,26
12574,1,218.45,11
12576,5,1315.83,72
12577,3,626.6,137
12578,2,2794.51,111
12579,1,440.42,29
12580,1,415.7,24
12581,1,197.71,15
12582,2,511.36,21
12583,15,7281.38,115
12584,9,2338.15,44
12585,2,2040.1,77
12586,1,196.94000000000003,11
12587,1,144.0,4
12588,1,214.89999999999998,10
12589,2,646.68,29
12590,2,9864.26,68
12591,1,452.84999999999997,26
12592,2,437.6,11
12593,3,418.09999999999997,14
12594,10,3338.2200000000003,50
12596,2,618.27,25
12597,4,3811.22,184
12598,8,3023.08,84
12599,7,1032.58,32
12600,10,2599.04,32
12601,5,577.0600000000001,21
12602,1,153.12,12
12603,1,739.1999999999999,2
12604,2,254.18,15
12607,1,1579.51,101
12609,3,1126.85,57
12610,5,2099.54,85
12611,1,1193.32,65
12612,1,704.0400000000001,19
12613,5,3344.38,124
12614,1,315.6,20
12615,4,2291.19,82
12616,2,713.3,25
12617,1,352.98,39
12618,1,177.31,11
12619,9,3641.24,50
12620,3,1339.41,89
12621,20,13689.67,261
12622,1,180.1,11
12623,1,305.1,18
12624,2,641.13,36
12625,2,2683.82,73
12626,9,6620.48,232
12627,7,4478.53,162
12628,3,786.46,34
12630,2,1270.88,60
12631,1,640.5,31
12633,4,2163.98,73
12635,2,1689.18,96
12637,8,6002.9,205
12638,1,671.69,39
12639,1,486.1,22
12640,3,1174.58,47
12641,1,185.9,10
12642,3,1013.26,39
12643,6,3344.64,11
12644,1,477.91,31
12645,4,1775.18,58
12646,2,1346.97,43
12647,12,3722.82,78
12648,1,318.05,21
12649,3,623.51,28
12650,1,314.44,20
12651,1,114.0,9
12652,1,919.98,48
12653,2,2209.85,37
12654,5,601.98,31
12656,5,4051.17,89
12657,4,1643.18,35
12658,1,686.05,36
12659,1,91.68,5
12660,1,245.1,13
12662,11,3849.78,129
12664,9,4881.88,10
12665,1,63.0,3
12667,1,620.13,33
12668,4,3807.15,115
12669,3,2744.0299999999997,98
12670,5,2996.05,58
12672,1,225.89999999999998,10
12673,2,610.52,42
12674,4,1970.6,52
12676,6,1331.39,33
12678,12,17628.46,105
12679,4,1113.02,43
12680,4,862.81,33
12681,22,13787.54,267
12682,31,12279.82,209
12683,15,8476.57,177
12684,7,2283.63,61
12685,6,2863.08,117
12686,1,89.14,7
12688,1,4873.8099999999995,171
12689,2,1247.61,57
12690,1,389.01,16
12691,6,1035.8,21
12693,4,855.91,35
12694,2,869.67,32
12695,4,582.1,23
12697,3,957.59,37
12700,4,4939.99,193
12701,2,797.71,50
12702,1,219.0,12
12703,1,283.55,21
12704,8,2340.84,64
12705,9,6868.29,228
12707,1,603.42,33
12708,10,2712.91,86
12709,15,9706.52,93
12710,3,1149.02,75
12712,13,4396.13,58
12713,1,848.55,38
12714,5,4708.86,216
12715,1,343.36,20
12716,2,1053.49,60
12717,2,1030.98,49
12718,1,238.25,19
12719,2,644.95,34
12720,25,5781.73,211
12721,6,2656.13,133
12722,4,997.63,50
12723,5,725.07,53
12724,4,1031.41,47
12725,1,427.8,24
12726,7,2609.1,57
12727,7,3980.7,109
12728,4,836.33,38
12729,1,453.01,26
12731,12,18895.91,109
12732,1,236.26000000000002,12
12733,1,383.95,22
12734,1,110.39999999999999,4
12735,2,779.5699999999999,38
12736,1,234.0,4
12738,1,155.35,11
12739,2,1013.04,38
12740,1,427.6,27
12743,2,540.13,114
12744,7,21279.29,178
12747,11,4196.01,42
12748,209,33053.19,1768
12749,5,4090.88,160
12750,1,275.88,15
12752,1,4366.78,53
12753,6,21429.39,132
12754,3,3010.74,49
12755,2,3811.95,4
12756,1,112.07999999999998,4
12757,13,7834.650000000001,237
12758,2,2791.59,84
12759,3,1531.44,81
12762,2,1898.52,62
12763,2,494.08,16
12764,1,1693.88,45
12766,7,6989.63,205
12769,1,1143.6,32
12770,1,1351.45,12
12772,1,892.47,55
12775,5,1386.04,47
12778,6,822.23,40
12779,8,3981.36,88
12781,2,826.74,25
12782,5,2330.92,81
12783,6,2225.91,76
12784,2,532.8199999999999,54
12785,1,311.95,14
12787,3,463.66,17
12789,1,91.85,4
12790,1,324.92,21
12791,1,192.60000000000002,2
12792,1,400.53999999999996,25
12793,2,545.48,21
12794,2,860.41,43
12795,1,430.48,14
12797,1,254.03,13
12798,3,6977.04,6
12802,1,427.58,25
12808,3,483.65000000000003,27
12809,1,489.31,25
12811,3,514.85,27
12812,1,229.64000000000001,15
12814,1,125.92,2
12815,2,1063.46,38
12816,2,572.2,27
12817,1,166.04,4
12818,1,1542.08,14
12820,4,942.34,55
12821,1,92.72,6
12822,2,948.88,41
12823,5,1759.5,1
12824,1,397.12,25
12826,7,1474.72,58
12827,3,430.15000000000003,19
12828,6,1018.71,46
12829,2,293.0,9
12830,6,6814.64,13
12831,1,215.05,9
12832,2,383.03,27
12833,1,417.38,24
12834,1,312.38,18
12836,4,2610.36,148
12837,1,134.1,12
12838,2,671.95,115
12839,14,5591.42,95
12840,4,2726.77,67
12841,25,3991.58,229
12842,2,1118.99,34
12843,8,1702.26,69
12844,2,325.96000000000004,47
12845,4,354.09,26
12847,1,843.64,72
12849,2,1010.29,47
12851,1,131.81,43
12852,1,311.55,17
12853,6,1957.1000000000001,66
12854,3,1316.25,95
12855,1,38.1,3
12856,6,2170.78,155
12857,2,1106.4,37
12863,1,521.2,5
12864,1,147.12,3
12865,2,1568.23,86
12866,1,559.12,26
12867,7,4009.34,240
12868,6,1607.0600000000002,72
12871,2,380.64,8
12872,2,599.97,58
12873,1,374.0,4
12875,2,343.2300000000001,1
12876,2,2218.02,67
12877,12,1535.77,100
12878,2,854.99,38
12879,3,573.22,7
12881,1,298.0,7
12882,2,1463.04,12
12883,4,703.47,39
12884,1,309.05,7
12885,3,1175.22,66
12886,2,1378.4,75
12888,2,354.12,4
12890,1,376.71999999999997,78
12891,3,331.0,2
12893,1,176.55,27
12895,2,372.8,22
12897,2,216.5,3
12901,28,17654.54,30
12902,1,138.68,10
12904,2,496.06,59
12906,5,2919.81,55
12908,2,750.0,1
12909,5,2178.67,78
12910,8,3075.04,48
12912,5,1662.3,17
12913,5,2483.63,37
12915,2,363.65,19
12916,4,2944.95,53
12917,1,594.0,2
12919,6,1335.19,34
12920,1,162.78,27
12921,37,16587.09,233
12922,1,405.38,28
12923,1,172.82,28
12924,4,933.7,22
12925,2,694.05,42
12928,5,2062.7000000000003,59
12929,1,117.85,8
12930,2,415.8,20
12931,15,42055.96,28
12933,3,607.53,102
12935,7,2160.7,80
12936,4,1063.9,56
12937,4,1504.27,81
12938,1,114.14,9
12939,8,11581.8,21
12940,2,899.69,87
12942,3,675.6,68
12944,2,604.51,29
12945,1,462.95,23
12947,6,1603.99,83
12948,7,2064.95,82
12949,8,4167.22,166
12950,3,1843.0,13
12951,6,1064.07,53
12952,4,1387.79,64
12953,1,329.85,17
12955,11,4757.16,81
12956,1,108.07,19
12957,8,4017.54,208
12962,2,266.39,15
12963,8,1856.63,75
12965,1,769.8100000000001,108
12966,1,160.18,10
12967,2,1660.9,19
12968,1,135.95,5
12970,4,405.47,116
12971,86,11189.91,94
12974,1,144.8,8
12976,1,738.6,22
12977,1,39.239999999999995,9
12980,9,7374.900000000001,6
12981,2,372.21999999999997,12
12982,1,390.54,28
12984,1,97.5,4
12985,2,1239.38,73
12987,2,558.7,27
12988,1,505.82,75
12989,15,6924.110000000001,41
12990,3,409.5,8
12991,2,503.76,31
12993,4,414.76,26
12994,3,974.4200000000001,52
12995,1,211.32,3
12997,4,1226.89,45
12999,3,455.88,25
13000,3,534.85,30
13001,13,9785.970000000001,166
13002,1,120.94999999999999,7
13003,3,149.05,4
13004,18,5655.91,277
13005,2,513.7,21
13006,1,81.57,4
13008,1,229.46999999999997,14
13011,1,50.550000000000004,3
13012,8,1646.8400000000001,67
13013,13,4810.9400000000005,155
13014,10,3466.2799999999997,67
13015,5,3339.64,156
13016,3,789.89,39
13017,1,204.0,1
13018,28,7277.7,313
13021,9,2616.38,101
13023,2,689.9,36
13026,5,975.36,32
13027,6,6912.0,6
13028,2,661.3199999999999,40
13029,3,1247.5,8
13030,2,752.4399999999999,76
13032,2,1010.18,55
13033,1,190.55,11
13034,2,642.77,37
13035,2,921.88,23
13037,3,881.07,44
13038,3,908.46,24
13040,2,676.99,38
13043,1,516.42,13
13044,1,560.47,33
13045,1,305.28000000000003,18
13046,2,629.31,33
13047,10,3237.54,106
13048,4,1819.41,77
13049,2,656.6800000000001,14
13050,17,5836.86,246
13052,1,348.15000000000003,18
13055,3,1214.41,74
13058,3,271.40000000000003,5
13059,1,183.4,8
13060,1,307.53,15
13061,1,248.61,10
13062,1,346.98,11
13064,4,1105.59,51
13065,1,205.86,14
13066,2,470.8,48
13067,1,115.46000000000001,14
13068,2,344.0,1
13069,24,4431.44,281
13070,1,228.8,9
13072,1,177.15,7
13075,1,919.61,22
13077,4,728.02,99
13078,26,12627.94,95
13079,5,220.10000000000002,2
13080,1,58.08,6
13081,11,28337.38,503
13082,9,3613.63,63
13083,2,303.75,15
13085,2,416.08000000000004,17
13089,97,58762.08,636
13090,14,8910.82,98
13091,1,345.82,21
13092,5,477.83,19
13093,8,7832.47,97
13094,12,1927.3200000000002,4
13095,1,74.39999999999999,6
13097,10,6003.22,214
13098,28,28882.44,156
13099,1,207.35999999999999,1
13101,1,101.19,8
13102,24,6424.09,140
13103,1,243.94,8
13104,6,1098.48,14
13106,1,76.5,1
13107,4,1531.6200000000001,54
13108,1,350.06,10
13109,2,786.54,41
13110,7,1488.67,109
13113,24,12245.960000000001,95
13115,4,2294.78,88
13116,1,501.14,30
13117,8,984.91,66
13118,5,1197.81,68
13120,1,30.599999999999998,1
13121,1,283.73,50
13122,2,922.39,54
13124,3,3756.33,185
13126,8,2099.64,124
13127,1,259.17,15
13130,1,64.0,2
13131,3,1073.3,30
13132,1,77.3,3
13133,2,109.8,7
13134,4,1793.58,94
13135,1,3096.0,1
13136,5,2607.61,94
13137,8,3603.29,345
13138,6,962.39,31
13139,7,5064.94,132
13140,3,422.47,40
13141,5,2388.75,113
13142,1,307.09,23
13144,1,110.95,3
13145,4,618.52,5
13146,1,228.91,16
13147,4,712.8000000000001,1
13148,12,3683.26,231
13149,4,1676.06,76
13151,1,1257.8700000000001,73
13153,1,486.22,15
13155,4,971.76,67
13157,4,1741.22,69
13158,4,1201.06,59
13159,4,1429.35,114
13160,1,91.8,4
13161,1,112.75,8
13162,4,1688.29,74
13165,2,1021.48,40
13166,1,417.2,39
13167,4,791.33,51
13168,4,1299.59,102
13169,2,712.88,11
13170,1,108.81,29
13171,3,468.41,37
13173,2,353.65,41
13174,3,2742.82,228
13176,1,481.49,66
13177,1,282.45,17
13178,11,5725.47,95
13182,1,121.18,11
13183,9,3957.78,51
13184,10,1668.95,138
13185,1,71.4,1
13186,3,1575.89,69
13187,1,236.02,37
13188,1,114.60000000000001,2
13189,2,260.68,29
13192,2,911.94,57
13193,1,112.08,22
13194,1,60.7,3
13196,4,1797.78,97
13198,6,3401.2400000000002,199
13199,38,9817.12,48
13200,4,870.09,42
13203,4,869.46,56
13207,2,250.26000000000002,7
13208,6,1217.65,124
13209,8,5891.61,255
13210,1,353.48,22
13211,3,1095.42,45
13212,3,786.83,128
13213,5,1520.58,82
13216,1,333.74,5
13217,3,533.98,3
13218,1,62.63999999999999,5
13220,4,819.2900000000001,18
13221,2,847.41,62
13223,2,163.20000000000002,5
13224,2,2155.95,101
13225,7,6463.84,23
13226,1,108.21000000000001,16
13227,1,257.7,9
13228,1,358.0,2
13229,1,160.95,10
13230,14,2755.63,393
13232,7,1328.35,147
13233,2,605.12,43
13235,1,1031.07,53
13236,2,744.85,34
13238,4,700.73,20
13239,1,329.56,21
13240,4,663.65,59
13242,3,270.40000000000003,12
13243,1,585.12,56
13244,1,121.74000000000001,27
13245,1,430.5,16
13246,6,1961.52,110
13247,4,501.12,18
13248,2,465.68,25
13249,3,711.41,21
13253,2,1030.4,35
13255,2,399.51,13
13258,3,672.83,28
13259,1,283.18,77
13260,1,557.62,8
13261,2,944.1,8
13262,1,200.29,11
13263,35,7436.93,450
13265,5,2092.66,66
13266,12,3834.2599999999998,82
13267,19,4521.49,88
13268,11,3174.75,257
13269,15,5343.28,177
13270,1,590.0,1
13271,1,211.49,79
13272,2,276.56,15
13273,1,138.98,16
13276,2,590.9300000000001,30
13277,4,258.4,5
13278,1,542.73,46
13279,1,137.75,9
13280,3,798.46,67
13282,3,1132.14,29
13283,2,93.66,7
13284,1,201.19,13
13285,4,2709.12,157
13291,1,361.11,41
13292,2,578.9399999999999,29
13294,2,873.74,48
13295,1,201.20000000000002,10
13296,1,87.4,5
13297,4,2089.85,52
13298,1,360.0,2
13299,1,142.5,5
13300,1,371.89,20
13301,4,618.09,75
13302,1,63.75,1
13304,1,300.42,21
13305,10,2000.86,50
13307,1,15.0,1
13308,3,1385.51,49
13309,5,1456.79,82
13310,3,1132.03,65
13311,2,598.57,25
13313,5,1555.32,47
13314,3,775.94,55
13316,4,5732.93,66
13317,6,2273.68,100
13318,3,640.76,14
13319,26,10845.550000000001,209
13320,4,1532.2,77
13321,2,567.36,10
13322,1,199.48000000000002,25
13323,5,787.85,6
13324,10,7121.95,25
13325,1,675.3,12
13327,8,3627.77,74
13328,1,1308.48,17
13329,2,789.0,16
13330,3,1140.93,37
13332,1,350.9,21
13334,3,3502.32,207
13336,1,795.12,51
13338,1,487.02,19
13339,1,860.12,54
13340,7,10736.48,128
13341,1,775.85,42
13343,1,353.43,19
13344,3,2511.69,115
13345,1,389.5,20
13347,1,341.36,8
13348,1,233.76,14
13349,1,247.32,16
13350,2,979.12,36
13351,1,373.94,16
13352,1,397.97999999999996,24
13354,1,743.53,51
13355,1,674.7,32
13356,1,768.24,42
13357,1,609.4,85
13358,1,439.03,29
13359,1,439.56,23
13362,4,3090.7400000000002,128
13363,2,992.5,47
13364,1,134.95999999999998,10
13365,2,2225.37,122
13366,1,56.160000000000004,1
13368,2,623.4,29
13369,1,308.28000000000003,14
13370,1,754.87,39
13372,1,378.64,23
13373,3,3312.25,135
13375,1,778.65,37
13376,3,1019.76,45
13379,3,572.56,85
13381,6,3639.31,77
13382,1,222.99,15
13384,7,4151.93,123
13385,1,534.57,35
13388,2,677.1,35
13389,3,797.96,50
13390,1,544.08,13
13391,1,59.8,1
13394,8,2520.02,124
13395,1,307.72,21
13396,2,1360.99,42
13397,5,1544.13,28
13398,1,457.34,26
13402,2,621.23,32
13403,1,75.0,3
13404,2,252.49,11
13405,3,572.451,25
13408,62,28117.04,234
13410,5,1003.06,15
13411,1,213.55,17
13414,3,1390.5,23
13416,2,712.5,11
13417,2,640.83,26
13418,18,6127.43,223
13419,1,221.06,16
13420,2,159.85,8
13421,2,1833.71,88
13422,1,2626.3,127
13425,3,1624.21,66
13426,10,3641.32,103
13427,3,582.6,25
13428,1,201.78,70
13429,4,1006.8,55
13430,2,679.45,48
13431,2,1269.1,44
13434,2,534.24,9
13435,7,3809.8900000000003,68
13436,1,196.89,12
13437,7,3408.06,143
13439,1,283.71,54
13441,1,296.64,13
13447,3,1129.14,55
13448,6,3534.69,137
13449,1,291.88,19
13450,6,2043.7199999999998,32
13451,5,2898.2599999999998,315
13452,2,590.0,1
13453,2,356.97999999999996,16
13455,2,1058.34,42
13456,6,1766.72,43
13458,14,9646.57,242
13460,2,183.44,16
13461,3,1445.0,14
13462,1,151.5,9
13464,1,674.68,41
13466,1,307.9,17
13467,2,1071.91,89
13468,37,5704.97,184
13470,2,165.0,7
13471,4,2501.84,214
13473,2,422.64,21
13474,1,226.84,59
13475,4,1431.78,64
13476,2,1238.47,56
13477,6,1454.58,57
13479,2,300.95,14
13481,5,1804.56,98
13482,1,184.64,11
13483,1,140.34,10
13484,1,313.8,8
13485,1,454.24,23
13486,3,1122.41,69
13487,3,575.4,26
13488,13,8968.31,271
13489,4,449.52,11
13491,10,1215.82,73
13492,3,1269.84,38
13493,2,618.63,6
13494,1,316.26000000000005,18
13495,5,2044.8700000000001,34
13496,2,653.33,28
13497,2,348.05,19
13499,5,1159.11,31
13500,3,1166.77,60
13501,1,1340.32,52
13502,3,292.0,17
13503,1,216.85,17
13504,1,295.93,22
13505,4,4393.63,182
13506,2,458.52,26
13507,4,2479.16,146
13508,1,110.97,12
13509,7,979.72,27
13510,4,1791.56,86
13512,1,251.21,15
13513,1,205.1,10
13514,1,152.20000000000002,4
13515,4,891.12,50
13516,3,1389.41,43
13517,3,2128.42,125
13518,1,627.16,36
13519,1,122.75,8
13520,6,3624.35,49
13521,3,1071.73,313
13522,1,125.80000000000001,5
13523,5,3964.88,157
13524,5,680.1800000000001,17
13525,2,628.78,5
13527,7,2242.36,153
13529,2,307.76,15
13531,2,483.8,17
13532,1,210.31,66
13533,3,269.09,61
13534,25,5870.08,119
13536,7,3444.39,91
13538,7,1280.85,10
13539,3,631.34,35
13544,2,276.06,76
13546,3,621.09,72
13548,2,678.16,114
13549,7,918.2,37
13551,1,91.80000000000001,4
13552,12,3740.07,82
13555,4,4098.88,128
13557,2,584.06,31
13558,4,594.52,123
13560,1,171.42000000000002,32
13561,1,141.85999999999999,14
13562,3,1799.33,50
13563,2,777.53,49
13564,3,1724.67,68
13565,2,240.22,35
13566,2,856.84,134
13568,1,187.05,41
13569,2,338.62,73
13570,1,239.49,27
13571,12,2088.94,157
13572,1,1384.25,32
13573,2,290.25,24
13575,5,732.0699999999999,41
13576,18,6717.34,78
13577,4,1687.6000000000001,61
13579,2,467.04,19
13581,1,118.0,10
13583,1,781.03,53
13584,1,142.4,24
13587,1,712.4,8
13588,9,2478.95,131
13589,2,379.65,21
13590,6,1981.92,70
13591,3,1117.13,56
13592,4,247.95999999999998,15
13593,5,2011.88,77
13594,1,396.97,26
13596,2,664.11,133
13598,1,160.04,33
13599,21,5149.92,171
13600,1,219.52,19
13601,2,693.32,90
13602,1,428.89,23
13603,1,164.34,27
13606,3,276.75,40
13607,1,675.51,93
13610,7,1082.33,165
13611,3,1154.4,67
13614,4,1585.46,171
13615,1,417.69,23
13617,3,544.18,31
13618,1,177.34,13
13621,1,213.85,19
13623,5,727.74,75
13626,1,257.23,19
13627,5,1638.47,84
13629,11,7792.36,28
13630,7,2031.78,51
13631,11,3070.42,6
13632,5,2118.93,121
13634,5,1547.3600000000001,156
13635,1,1071.03,62
13636,5,949.12,57
13637,3,804.3,79
13638,1,122.64,8
13639,1,1033.34,39
13642,1,312.28,57
13643,3,519.44,24
13644,4,2624.26,144
13645,1,252.1,5
13647,4,1648.1200000000001,65
13649,2,346.6,23
13650,6,1836.34,79
13651,2,94.2,6
13652,3,1095.08,48
13654,6,2707.33,157
13655,2,932.97,52
13656,2,379.65,49
13657,2,382.14,16
13658,5,2639.17,91
13659,2,1563.0,92
13662,3,881.26,50
13663,1,189.47,13
13666,3,84.65,12
13667,1,299.05,82
13668,21,6309.83,284
13669,2,218.55,9
13670,1,349.7,25
13672,2,186.39000000000001,4
13673,2,387.44,47
13675,2,486.82000000000005,25
13678,1,232.6,16
13680,4,3719.12,164
13681,4,827.83,37
13682,1,59.5,3
13684,1,65.13,29
13685,7,3119.44,29
13686,1,72.0,8
13689,1,910.0,6
13690,1,172.25,9
13692,3,1488.32,48
13694,50,65039.62,366
13695,15,2504.13,46
13697,1,151.29999999999998,12
13699,1,308.58000000000004,14
13700,10,2248.63,139
13703,1,99.5,1
13704,9,2308.06,111
13705,3,711.86,25
13706,1,330.79,20
13707,2,806.41,48
13708,1,285.33,49
13709,13,6307.650000000001,244
13710,1,180.48,8
13711,2,252.06,11
13712,1,228.84,10
13715,5,1077.39,89
13716,1,138.28,21
13717,6,1445.01,92
13718,2,306.55,9
13719,5,1041.68,56
13720,4,799.9,42
13721,1,524.14,28
13722,3,2375.41,75
13723,1,199.85000000000002,6
13725,8,1980.56,95
13726,2,1079.6599999999999,39
13727,2,333.48,19
13728,6,1016.14,38
13730,2,752.6,38
13731,2,610.59,36
13732,1,491.86,33
13735,4,2883.54,158
13736,2,729.8,166
13737,1,339.59999999999997,29
13739,1,216.9,3
13740,1,350.75,23
13741,3,668.4300000000001,34
13742,12,3107.87,200
13743,7,1341.6,8
13744,2,1080.52,54
13745,1,300.04,25
13747,1,79.6,1
13748,5,948.25,24
13750,5,1647.26,20
13751,1,296.25,9
13752,6,1175.38,64
13753,1,741.26,35
13754,2,282.59999999999997,11
13755,9,2108.06,232
13756,14,5189.52,66
13758,7,3190.55,104
13759,2,659.4100000000001,24
13760,2,286.79,50
13761,2,1070.65,68
13762,1,306.72,7
13763,1,1714.96,15
13764,3,1519.42,183
13767,37,17220.36,55
13769,10,2796.51,73
13771,4,2634.45,114
13772,3,1122.63,141
13774,1,345.0,22
13777,33,25977.16,36
13778,1,178.7,9
13780,2,360.01,56
13781,1,127.84,17
13782,6,908.86,96
13784,11,2462.79,9
13786,1,230.39999999999998,7
13787,2,309.04,24
13790,1,348.8,45
13791,2,1516.0,7
13792,2,195.55,13
13798,57,37153.85,113
13799,2,688.86,32
13800,1,558.32,33
13801,1,324.8,23
13802,3,4599.42,55
13803,1,277.07,17
13804,7,2588.39,124
13805,2,924.6,10
13806,1,256.38,10
13807,1,112.6,7
13808,5,1747.66,70
13809,1,155.05,11
13810,3,1499.01,32
13811,3,814.5,7
13812,3,539.0,33
13813,4,1366.8600000000001,54
13814,2,1579.12,37
13815,4,4027.36,132
13816,2,571.6700000000001,25
13817,2,382.98,20
13819,3,1140.35,26
13821,2,385.64,51
13822,2,632.0,90
13823,2,957.66,39
13824,5,1698.94,34
13826,1,189.5,10
13827,3,409.8,83
13828,1,209.49,15
13831,6,2198.45,58
13832,1,52.199999999999996,3
13833,1,383.85,28
13835,4,834.57,48
13837,2,266.59000000000003,17
13838,4,674.82,144
13841,1,85.0,1
13842,9,3385.62,155
13844,1,361.62,20
13845,1,312.98,9
13846,3,865.0600000000001,55
13848,3,1255.0,3
13849,2,1537.95,97
13850,1,1595.48,93
13851,3,2651.46,77
13853,1,1090.14,23
13854,25,8109.5199999999995,39
13856,3,388.5,10
13858,1,216.17,11
13859,1,201.16,27
13860,5,1245.9,58
13862,8,2209.36,97
13863,1,305.78,20
13865,4,501.56,26
13866,1,145.67000000000002,7
13867,3,1005.09,51
13868,2,3192.54,32
13869,4,3083.65,234
13870,8,2770.94,91
13871,13,6403.25,155
13873,3,389.6,21
13874,1,540.45,18
13875,5,1786.79,79
13876,1,122.7,7
13877,1,117.24,3
13878,1,1271.57,35
13880,13,3219.77,125
13881,20,17159.52,72
13882,5,1191.13,54
13883,5,2674.48,108
13884,5,787.6,45
13885,2,506.8,28
13886,1,243.56,16
13887,1,349.55,19
13888,2,595.67,38
13889,1,416.90000000000003,15
13890,10,1883.8100000000002,74
13892,4,632.97,26
13893,1,821.1,21
13894,3,564.62,25
13895,4,2593.07,97
13897,1,311.16,17
13898,1,155.93,12
13899,2,388.52,19
13900,3,740.95,42
13901,5,2867.2,144
13904,2,332.64,24
13908,4,2369.55,104
13911,9,2580.91,120
13914,2,626.45,28
13917,2,272.04,16
13918,2,1212.8400000000001,30
13919,2,384.81,24
13922,1,172.25,7
13923,1,351.13,20
13924,6,1838.8500000000001,90
13925,4,678.25,28
13926,1,223.85000000000002,11
13927,1,348.99,21
13928,4,464.57,23
13929,2,842.65,8
13930,2,337.34,15
13931,2,1237.53,56
13932,1,307.4,16
13933,2,608.7900000000001,23
13934,1,922.1,31
13936,1,376.58,26
13937,1,158.85,9
13938,1,71.66,7
13939,3,568.55,43
13940,4,839.14,39
13941,5,5112.96,24
13946,3,561.5699999999999,11
13947,1,90.6,5
13948,1,102.0,3
13949,6,2427.32,124
13950,4,745.06,33
13951,3,674.45,38
13952,2,3251.071,120
13953,7,3515.68,8
13954,2,439.92,24
13955,2,322.96,33
13956,5,1019.27,123
13959,3,594.04,79
13960,2,230.22,11
13962,2,169.55,11
13963,4,664.54,35
13967,1,80.7,2
13969,18,9024.17,334
13971,8,2758.26,118
13972,2,190.25,15
13973,1,264.7,11
13974,1,413.59000000000003,28
13975,6,2461.2400000000002,240
13976,1,357.98,10
13978,2,196.79000000000002,14
13979,1,869.87,54
13980,1,200.14,11
13982,4,1871.81,72
13983,12,2603.43,91
13984,5,920.51,14
13985,15,7060.13,108
13986,1,320.46,12
13988,6,4147.96,188
13989,2,1266.08,33
13990,1,311.3,16
13991,6,852.88,58
13992,1,76.8,5
13993,9,3466.36,66
13994,6,2274.14,122
13995,5,1393.69,55
13999,12,3901.81,102
14000,1,635.66,15
14001,3,2043.0800000000002,34
14002,2,529.73,47
14004,7,4582.64,102
14005,5,2874.72,53
14006,3,962.19,22
14009,2,695.61,42
14012,1,328.8,11
14013,3,473.02,30
14014,1,505.18,39
14015,1,917.34,20
14016,4,4341.21,154
14019,3,1421.61,37
14020,2,642.8,37
14021,3,631.9,22
14022,1,440.0,28
14023,2,584.07,30
14024,2,327.7,16
14027,1,104.82,6
14029,2,467.66,15
14030,8,2358.84,210
14031,19,17286.86,119
14032,11,2975.59,53
14034,3,648.89,82
14035,5,1428.02,41
14036,1,626.65,38
14037,2,147.20000000000002,27
14038,3,1560.38,64
14039,1,152.2,6
14040,12,3560.32,146
14041,1,141.41,21
14044,4,646.42,165
14045,4,1659.75,4
14046,1,154.99,14
14047,5,1308.6100000000001,22
14048,1,409.93,83
14049,4,5578.72,348
14050,2,746.36,49
14051,23,15610.390000000001,52
14052,1,225.36,56
14053,2,260.25,2
14054,1,92.46,6
14055,1,725.6400000000001,10
14056,23,8152.71,320
14057,17,6211.66,179
14059,1,183.6,8
14060,19,6140.42,86
14062,12,10464.85,60
14064,5,1334.34,59
14066,1,152.55,7
14067,2,374.7,51
14068,1,265.85,22
14071,8,1437.57,271
14073,1,151.04,13
14075,3,942.26,33
14076,1,118.67,43
14077,5,499.41999999999996,33
14078,6,1049.37,46
14079,1,375.1,12
14080,1,45.599999999999994,4
14081,2,921.62,126
14082,1,182.25,28
14083,9,1002.9,162
14085,18,4421.29,272
14087,1,191.47,61
14088,13,50491.81,379
14089,1,158.75,13
14090,1,76.32000000000001,1
14092,14,4076.91,117
14093,1,433.86,95
14096,17,65164.79,1119
14098,1,147.35,21
14099,11,3104.17,167
14100,1,191.95000000000002,24
14101,6,5976.79,15
14102,5,1105.8799999999999,35
14104,2,216.20999999999998,21
14105,1,1266.23,74
14107,7,2703.23,61
14108,2,597.91,33
14109,1,144.2,9
14110,12,5683.15,94
14111,4,692.85,10
14112,7,2915.15,117
14113,4,1840.42,26
14114,2,386.53,15
14116,5,1382.74,61
14117,1,90.0,3
14121,4,2780.15,148
14124,1,419.58000000000004,4
14125,3,2720.63,159
14126,3,706.1300000000001,14
14127,3,709.71,39
14128,2,637.5,40
14129,5,1123.8600000000001,31
14130,1,480.91,66
14132,11,3586.0299999999997,100
14133,3,605.64,25
14135,15,4690.31,95
14138,2,965.8800000000001,40
14139,1,415.82,26
14140,2,935.05,60
14141,4,915.13,27
14142,1,311.81,22
14143,1,115.8,7
14145,4,3742.2,6
14146,5,4191.0,183
14147,2,483.4,4
14148,1,157.2,3
14149,1,446.62,28
14150,2,658.64,23
14152,2,621.29,47
14154,2,1345.62,52
14155,1,118.75,6
14156,55,117210.08,714
14157,2,424.89000000000004,45
14158,1,507.66,41
14159,11,4630.35,501
14161,3,1097.6200000000001,87
14162,2,289.36,25
14163,4,2445.91,36
14164,2,1631.77,28
14165,1,120.44,23
14167,4,562.59,27
14171,1,363.79,57
14173,4,450.84,28
14174,1,134.46,26
14175,3,3222.3,139
14176,4,576.9000000000001,28
14177,4,549.46,37
14178,7,1600.26,191
14179,2,701.57,135
14180,25,4748.52,112
14184,1,452.89,24
14185,1,197.65,3
14188,6,2054.36,34
14189,15,4654.08,176
14191,13,4684.76,145
14193,2,853.39,35
14194,21,11349.52,269
14195,2,1012.0,7
14196,1,335.52,6
14198,4,701.4,35
14199,1,185.39999999999998,2
14201,7,747.44,32
14204,1,150.61,36
14205,2,466.7,23
14206,1,328.15999999999997,20
14208,1,151.74,10
14209,6,2073.43,55
14210,6,1905.8400000000001,66
14211,9,2241.1,87
14212,1,1070.48,9
14214,5,1004.38,64
14215,6,1789.72,98
14216,4,1839.3,47
14217,17,2004.98,78
14218,1,169.48000000000002,12
14219,1,89.94,7
14220,2,632.4,21
14221,9,3432.8,123
14222,1,683.17,41
14223,3,991.13,50
14224,4,1009.73,105
14226,5,2214.79,64
14227,10,3350.96,117
14229,3,1547.2,29
14231,3,925.71,47
14232,5,2048.07,81
14233,4,1462.72,30
14234,4,754.12,122
14235,5,3144.86,65
14236,2,490.86,15
14237,1,161.0,9
14238,1,146.85,8
14239,11,2380.85,83
14240,2,890.34,37
14241,1,213.70000000000002,10
14242,2,280.55,13
14243,10,2588.77,99
14245,2,1693.45,107
14246,3,1474.06,57
14247,1,136.76999999999998,19
14248,1,302.58,8
14250,3,1904.05,94
14251,5,2879.7000000000003,37
14256,2,969.0600000000001,51
14257,5,3099.7200000000003,88
14258,9,12669.98,58
14259,1,120.0,5
14261,2,1163.45,52
14262,8,2618.23,87
14264,2,333.97,15
14265,2,530.18,31
14267,3,1516.24,25
14270,1,492.65000000000003,29
14271,1,112.32,10
14272,2,437.96,33
14273,4,559.97,22
14276,3,1119.74,52
14277,3,4188.0,195
14280,1,134.04,8
14282,15,3701.44,70
14284,2,595.25,24
14285,4,1910.01,18
14286,3,4628.75,220
14287,3,176.63,9
14288,1,426.6,16
14289,6,911.26,33
14290,5,2314.65,89
14291,11,3883.25,145
14292,9,4871.93,64
14293,4,1046.56,51
14295,1,166.20000000000002,5
14297,4,1305.33,48
14298,44,51527.3,884
14299,9,3965.62,94
14300,1,43.2,3
14301,1,640.14,13
14304,1,383.45,17
14305,3,1858.96,96
14306,2,2093.32,33
14307,6,2995.72,150
14309,9,2352.53,74
14311,1,310.26,20
14312,6,1611.59,74
14314,1,120.0,8
14315,6,2481.13,64
14317,1,508.58000000000004,24
14320,2,477.79,29
14321,5,1530.75,111
14323,2,605.0600000000001,32
14326,1,183.85,8
14327,1,311.65,12
14329,7,4975.24,218
14331,2,462.65999999999997,27
14332,3,840.21,22
14333,1,415.2,15
14334,8,2552.21,98
14335,2,454.86,55
14336,4,1614.91,77
14338,2,588.22,30
14339,1,309.52,14
14340,1,134.7,6
14341,8,2166.98,109
14342,4,668.5600000000001,18
14344,8,889.9300000000001,56
14345,1,108.97999999999999,6
14346,2,1021.58,55
14348,1,409.57,18
14349,1,133.5,31
14350,1,282.93,18
14351,1,51.0,1
14352,4,1078.96,44
14353,1,90.6,6
14354,2,163.62,9
14355,1,174.4,11
14356,2,701.23,33
14357,1,225.12,39
14359,3,912.18,44
14360,4,2118.03,104
14362,1,151.5,37
14364,8,3717.35,61
14367,16,9227.82,270
14368,1,155.0,8
14371,1,100.5,4
14373,1,76.55,4
14375,1,235.56,57
14377,2,617.05,11
14379,2,348.1,39
14381,1,202.68,56
14382,1,615.49,121
14383,3,1247.69,49
14385,3,202.11,13
14386,1,142.4,7
14387,3,1727.6,125
14388,8,3212.84,124
14389,2,1043.46,33
14390,9,4642.57,135
14393,1,67.95,5
14395,9,3479.91,181
14396,2,487.99,71
14397,19,2612.96,18
14400,1,574.7,25
14401,13,4051.48,113
14403,4,1475.81,17
14404,6,1449.32,70
14406,1,156.75,8
14407,6,2157.73,67
14408,7,2599.03,60
14409,6,2059.4500000000003,40
14410,9,1100.27,153
14411,1,1063.0,14
14412,2,770.03,43
14413,1,121.05,22
14414,7,1496.98,79
14415,13,5855.57,283
14416,2,490.22,13
14418,3,1937.25,114
14419,6,1051.79,112
14420,1,387.52,29
14421,2,813.11,25
14422,6,4263.64,189
14423,1,265.2,3
14424,1,322.08,1
14426,10,4481.67,183
14427,2,363.34000000000003,16
14428,5,1224.06,108
14431,1,470.36,17
14432,6,2248.5,256
14434,6,1372.8,3
14436,1,89.06,9
14437,1,63.0,5
14438,1,131.9,9
14439,1,2661.24,32
14440,5,2357.6800000000003,33
14441,4,1712.89,43
14442,2,1589.82,58
14443,4,1420.2,84
14446,4,1010.35,233
14447,5,1163.23,54
14448,2,375.35,20
14449,4,885.8,201
14450,3,483.25,32
14451,2,643.9,86
14452,2,259.05,55
14453,1,119.93,22
14456,9,3017.28,580
14457,1,113.64,4
14459,1,1837.92,37
14460,3,434.34,14
14461,3,2103.06,173
14462,11,1980.57,150
14463,3,529.62,6
14465,3,1038.44,107
14466,7,2272.4,35
14467,4,596.26,67
14470,2,461.19,43
14472,8,1852.67,153
14473,2,234.34000000000003,7
14474,1,547.66,29
14475,3,925.85,35
14476,1,193.0,17
14477,4,1309.6,7
14479,2,316.25,18
14480,1,279.05,13
14481,2,636.51,25
14482,6,2022.81,110
14483,1,137.1,9
14484,1,321.92,14
14485,1,162.8,44
14487,6,1165.48,112
14488,1,1064.28,46
14489,1,463.38,30
14491,2,340.93,17
14493,5,2383.2400000000002,95
14494,1,139.56,7
14495,2,123.8,6
14496,2,538.8100000000001,16
14497,1,475.37,29
14498,5,1957.32,162
14499,3,808.44,146
14500,3,356.85,6
14501,2,251.21,9
14502,11,2429.83,368
14503,6,3543.26,113
14504,4,673.26,85
14505,8,5859.43,540
14506,5,1960.65,204
14507,6,1367.88,79
14508,2,268.05,52
14511,5,1314.81,53
14512,2,275.28,19
14513,3,455.59000000000003,11
14514,3,990.2,65
14515,6,2076.89,68
14517,2,330.45,17
14518,1,174.37,16
14520,2,270.6,3
14522,4,974.54,15
14523,1,241.09,12
14524,9,1843.83,161
14525,9,4215.9,217
14527,55,8507.13,330
14528,1,364.21999999999997,18
14529,3,578.61,177
14530,6,2862.11,140
14532,4,932.85,45
14533,7,1949.72,53
14534,18,4397.3,331
14535,3,2854.84,280
14536,1,170.95,18
14537,1,355.56,10
14538,2,388.25,19
14539,2,537.48,31
14540,3,952.66,64
14541,8,1453.35,71
14542,1,103.25,5
14543,16,3599.73,43
14544,2,2004.3,97
14546,5,2573.93,250
14547,8,3974.75,198
14548,2,652.8,2
14549,1,289.24,56
14550,2,757.37,38
14551,2,186.23,9
14552,1,164.22,57
14553,5,859.27,103
14554,4,2279.4900000000002,147
14555,2,312.54,18
14557,1,788.38,16
14560,22,2237.77,39
14561,3,1080.76,67
14562,18,5006.77,187
14565,4,3099.12,111
14566,1,1432.0,4
14567,2,1530.3600000000001,33
14569,1,227.39,10
14570,2,218.06,29
14572,7,2804.54,190
14573,9,1639.82,127
14576,1,35.400000000000006,1
14577,4,859.71,86
14578,1,168.63,24
14581,1,138.6,16
14582,1,114.11,6
14583,5,986.96,243
14584,4,1033.06,68
14585,1,157.05,29
14586,1,237.36,19
14587,9,1580.29,170
14589,1,39.75,3
14591,4,1320.21,138
14592,3,557.94,132
14593,3,617.15,127
14594,2,363.33,48
14595,6,1740.6,94
14597,2,866.24,45
14598,1,221.97,49
14600,1,393.33000000000004,25
14601,1,213.96,7
14603,1,660.0,2
14606,93,12076.15,819
14607,14,16209.5,38
14608,4,1785.15,8
14609,4,601.56,2
14616,3,406.08000000000004,2
14618,3,553.44,10
14619,1,394.44,20
14620,2,412.78000000000003,26
14621,5,1788.3600000000001,80
14622,1,320.58000000000004,21
14623,5,886.7,108
14624,2,225.85,13
14625,2,899.63,51
14626,4,2791.27,108
14628,2,671.96,22
14629,2,955.26,133
14631,3,1006.98,38
14632,1,114.56,8
14633,1,344.90000000000003,20
14636,2,609.85,27
14638,1,443.6,16
14639,6,2984.49,138
14640,6,2107.38,87
14641,1,110.46,7
14642,1,96.12,2
14643,2,693.8100000000001,30
14644,2,830.76,26
14645,2,597.09,28
14646,73,280206.02,700
14647,1,236.04000000000002,24
14649,4,1402.59,148
14651,2,653.75,95
14652,1,114.18,29
14653,7,1926.65,154
14655,4,1932.23,35
14656,2,291.05,73
14657,4,848.22,103
14658,2,247.15,27
14659,9,2529.93,147
14660,2,285.74,24
14661,1,107.95,4
14662,4,741.37,143
14664,2,636.24,78
14665,5,1835.7,63
14666,1,195.25,14
14667,25,9175.04,354
14669,3,1259.24,158
14670,2,392.86,107
14672,2,765.55,58
14673,5,1736.4,39
14675,1,596.36,93
14676,6,2548.2400000000002,29
14680,16,28754.11,73
14681,3,498.95,6
14682,2,52.0,1
14684,5,1201.51,231
14687,1,628.38,15
14688,21,5579.1,148
14689,1,112.8,13
14690,2,355.05,40
14691,5,2114.33,50
14692,4,591.55,53
14693,1,172.9,8
14696,7,2078.95,117
14697,2,188.60999999999999,22
14698,5,1217.27,148
14699,1,109.13000000000001,8
14700,3,2195.1,80
14701,9,2526.09,268
14702,17,3251.79,196
14703,1,318.17,22
14704,9,1493.96,288
14705,1,179.0,1
14708,3,1126.37,25
14709,13,4921.04,71
14710,4,599.48,124
14711,11,2839.62,221
14712,3,917.07,21
14713,11,2662.2,146
14714,1,160.19,10
14715,4,867.38,60
14716,2,307.51,46
14719,5,1581.84,177
14720,3,663.81,34
14722,1,180.42000000000002,28
14723,6,1122.3600000000001,193
14725,1,655.58,45
14727,1,268.58,10
14729,1,313.49,69
14730,8,1897.57,317
14731,3,380.02,38
14732,8,2702.4900000000002,105
14733,12,9585.91,102
14735,32,6065.69,99
14737,3,1164.55,15
14738,7,1314.45,39
14739,7,3902.28,47
14740,3,1448.21,85
14741,6,1400.34,35
14744,7,1099.98,21
14745,5,1220.26,46
14747,1,328.2,18
14748,5,1415.75,87
14752,1,389.64,5
14753,1,563.15,30
14754,2,638.05,38
14755,11,5010.28,128
14756,1,738.96,38
14757,1,420.5,19
14758,4,1484.06,54
14759,3,1625.97,92
14760,1,89.2,5
14761,2,255.9,11
14762,1,300.52,21
14764,1,278.3,6
14765,3,254.11,38
14766,6,2473.37,111
14768,2,192.60000000000002,4
14769,8,10416.98,718
14770,2,876.42,49
14772,1,139.26,9
14775,3,1011.9,57
14776,11,2538.3,44
14778,2,730.86,34
14779,3,386.15,40
14780,2,447.68,26
14782,1,200.10000000000002,6
14784,2,289.99,15
14785,2,77.4,2
14788,2,679.4399999999999,26
14789,1,197.64,6
14790,4,745.06,30
14792,1,6.2,2
14793,1,228.99,14
14794,7,1319.91,68
14795,1,131.45000000000002,6
14796,17,7975.49,403
14798,3,173.74,11
14799,1,157.7,13
14800,12,4331.79,246
14801,1,189.34,56
14803,3,845.55,35
14804,1,353.27,12
14805,4,546.4,30
14806,1,193.39000000000001,11
14808,8,2718.6,176
14810,11,2085.33,106
14813,2,152.88,25
14815,2,778.5,53
14816,1,271.85,4
14817,2,1110.34,52
14818,3,657.8,41
14819,2,272.07,13
14820,4,507.29,24
14821,1,48.800000000000004,2
14823,3,321.43,56
14824,4,1127.71,19
14825,12,2221.01,82
14828,3,2139.76,17
14829,4,697.55,39
14830,1,188.88,39
14834,6,1720.3,43
14836,3,102.44999999999999,5
14837,4,1649.5,96
14840,1,62.85,4
14841,6,3295.76,103
14842,4,2824.69,128
14844,4,3189.81,87
14847,1,309.4,13
14849,25,7930.54,159
14850,1,325.75,21
14851,2,511.35,28
14852,6,2836.69,96
14853,2,475.8,8
14854,7,2740.03,110
14855,2,645.65,13
14856,3,1290.53,65
14857,2,1173.12,58
14859,4,1353.74,47
14860,1,170.32,11
14861,1,125.79,6
14862,2,841.1999999999999,47
14863,1,266.76,11
14865,2,52.2,4
14866,12,14389.9,30
14867,3,710.28,31
14868,8,2953.59,96
14869,2,721.45,66
14870,1,327.25,13
14871,4,501.28000000000003,68
14873,1,519.68,28
14875,2,1465.3200000000002,46
14878,9,1476.09,62
14880,3,690.59,45
14881,1,255.4,17
14882,2,589.7,6
14883,6,761.59,39
14885,1,765.3199999999999,15
14886,1,364.8,18
14887,1,1862.0,6
14888,1,369.2,20
14889,1,135.9,10
14890,1,125.65,7
14891,2,554.38,30
14893,2,1237.8500000000001,72
14894,1,655.75,23
14895,20,11138.710000000001,273
14896,2,468.77000000000004,43
14897,4,1366.38,43
14898,6,1269.31,86
14901,9,1421.29,73
14902,1,332.66,20
14903,5,2795.33,227
14904,2,1025.44,66
14905,2,616.15,14
14907,7,3501.1,125
14908,1,277.8,9
14910,4,434.35,25
14911,201,143711.17,1787
14912,2,867.85,21
14913,4,1227.43,76
14915,2,307.48,12
14916,4,1268.98,72
14918,2,1610.15,39
14920,2,977.77,57
14921,2,1316.07,78
14923,1,749.1,44
14924,1,310.05,10
14929,1,223.88,11
14930,3,2362.96,116
14931,5,1257.68,30
14932,1,363.53,17
14934,2,1890.94,68
14935,1,1784.71,10
14936,8,8137.02,210
14937,3,1621.88,33
14944,12,5900.25,101
14946,1,100.9,3
14947,2,290.82,14
14948,6,1101.97,56
14950,1,371.2,19
14951,1,311.69,20
14952,11,8099.49,117
14953,1,285.67,54
14954,1,294.85,75
14957,1,58.49,12
14958,3,483.72999999999996,33
14959,4,695.42,37
14960,2,221.27,23
14961,9,7044.68,193
14962,1,126.7,5
14963,5,1472.34,149
14964,1,206.21,13
14965,2,596.09,80
14966,1,183.02,35
14967,1,463.8,6
14968,1,147.59,37
14970,4,1592.06,24
14971,3,1097.98,144
14972,1,114.77,18
14973,3,1314.45,29
14974,1,89.94,17
14975,1,279.94,11
14976,7,790.86,47
14978,5,1921.3700000000001,136
14981,1,102.12,8
14984,2,202.37,37
14985,2,292.01,78
14987,2,326.4,2
14988,1,334.54,40
14995,2,231.98000000000002,53
14997,3,546.1999999999999,25
14998,2,414.87,70
15000,1,490.52,76
15002,4,1641.76,93
15004,1,1220.77,154
15005,28,6295.37,360
15006,1,480.38,121
15007,1,156.91,12
15009,3,1259.43,148
15010,1,308.94,20
15012,2,405.04,110
15014,2,257.67,29
15016,1,170.04,20
15017,1,125.58,20
15018,3,496.21000000000004,30
15019,1,252.81,64
15021,9,1871.77,287
15022,4,852.39,96
15023,11,6720.41,347
15024,10,1636.43,105
15025,1,361.96,66
15026,3,469.0,57
15027,4,1066.1499999999999,30
15028,4,627.13,35
15030,2,518.28,7
15031,4,653.19,74
15032,3,4959.1,29
15033,10,2557.18,315
15034,8,4274.16,299
15035,1,252.73000000000002,26
15036,3,429.56,107
15038,6,685.74,105
15039,47,19766.59,408
15041,1,179.93,66
15042,1,135.93,5
15043,1,537.0,3
15044,17,7634.7300000000005,233
15045,2,735.66,11
15046,15,5090.42,147
15047,1,343.62,22
15048,4,381.0,86
15049,1,121.17000000000002,3
15050,3,1737.69,68
15051,3,1383.3600000000001,130
15052,1,207.73000000000002,27
15053,3,693.95,49
15054,2,302.1,105
15057,2,1489.5,25
15058,11,2102.54,199
15059,9,1337.72,161
15060,4,294.25,81
15061,48,54534.14,70
15062,4,987.86,47
15063,1,370.79999999999995,5
15065,4,3158.13,148
15066,1,893.59,42
15067,3,1744.76,82
15068,2,553.36,96
15069,1,1109.53,70
15070,1,106.2,1
15071,2,982.07,25
15073,3,1043.41,31
15074,1,735.67,41
15075,1,773.03,27
15076,1,880.85,49
15078,32,9743.11,97
15079,4,895.61,46
15081,5,504.8,26
15083,1,88.2,5
15087,1,306.94,15
15088,2,1160.07,53
15089,6,2420.84,139
15090,1,381.32,23
15091,1,480.71,30
15092,2,457.81,23
15093,6,4597.02,52
15095,4,1370.6,30
15096,1,219.39000000000001,11
15097,1,248.08,25
15098,3,39916.5,1
15099,1,410.48,23
15100,3,876.0,1
15101,2,317.53,8
15103,2,703.36,35
15104,2,993.54,66
15105,7,2298.93,90
15106,5,1422.52,90
15107,6,319.5,12
15108,4,1300.25,50
15109,1,484.95,28
15110,4,996.1,17
15111,3,1567.48,70
15113,3,3509.43,77
15114,10,2760.56,136
15115,1,340.11,21
15116,4,1352.75,37
15117,5,1551.78,63
15118,1,244.8,1
15119,1,266.4,14
15120,1,358.82,21
15121,2,457.72,28
15122,3,1633.78,65
15123,2,2199.31,93
15124,2,184.19,14
15125,15,11528.48,102
15127,1,406.53,16
15128,4,1471.0,74
15129,11,3447.4,54
15130,1,330.11,22
15132,5,977.9300000000001,49
15133,3,982.42,27
15134,8,1387.99,44
15135,1,139.05,9
15136,4,1286.7,61
15139,2,178.96,13
15140,7,2354.25,74
15142,1,498.74,26
15143,1,259.45,14
15144,17,6580.44,132
15145,4,1194.73,54
15146,2,1327.16,90
15147,1,623.5,28
15148,1,301.29,20
15149,1,520.8000000000001,23
15150,10,5291.33,282
15152,13,4745.69,196
15153,1,329.25,22
15154,1,254.28,66
15156,3,961.49,51
15157,3,1936.07,125
15158,1,401.40000000000003,7
15159,30,18641.010000000002,363
15160,1,158.16,4
15163,2,304.47,29
15164,3,824.58,79
15165,1,487.75,27
15167,1,158.8,39
15168,1,106.56,5
15171,1,1289.5,5
15172,5,1624.05,106
15174,1,135.75,11
15175,1,224.14,23
15178,1,40.5,3
15179,5,2206.95,91
15180,1,87.5,6
15181,3,689.4799999999999,11
15182,2,622.85,24
15184,2,402.2,59
15185,1,310.62,21
15186,2,411.41,17
15187,16,4777.18,61
15189,41,16225.39,80
15192,3,1044.32,36
15193,1,499.32,19
15194,15,7616.53,209
15195,1,3861.0,1
15197,3,1079.6100000000001,30
15198,2,193.64,10
15199,4,1268.7,5
15201,5,1236.54,35
15203,6,1827.8,82
15204,1,316.58,9
15205,2,653.24,37
15206,4,420.29999999999995,3
15208,5,870.12,25
15210,1,331.18,20
15211,2,894.4100000000001,52
15212,1,101.8,5
15213,2,328.35,22
15214,8,1661.44,109
15215,3,734.94,33
15216,1,96.6,2
15218,11,5756.89,77
15219,1,305.75,9
15220,6,1778.96,110
15221,1,403.25,5
15222,1,585.0,5
15223,2,755.75,14
15224,2,322.08,13
15225,1,409.40000000000003,23
15226,1,154.41,8
15227,5,1219.4,43
15228,4,3386.71,110
15230,2,429.6,23
15232,2,612.06,26
15234,1,197.0,14
15235,12,2247.51,132
15236,1,321.05,15
15237,4,1412.32,94
15238,3,1071.99,49
15239,2,780.59,48
15240,5,1706.57,58
15241,8,1756.44,82
15243,1,316.68,22
15244,2,631.57,31
15245,3,2515.84,55
15246,2,514.15,32
15247,1,356.0,6
15249,13,6688.46,211
15251,11,10484.99,97
15252,2,740.78,44
15253,5,918.1999999999999,52
15254,1,300.36,18
15255,1,890.85,47
15256,1,98.45,6
15257,1,317.15,7
15258,2,623.16,32
15260,7,1810.77,62
15261,1,254.82,19
15262,1,178.95000000000002,10
15263,1,156.51,12
15264,1,393.74,23
15265,2,1506.1200000000001,76
15266,1,119.3,6
15267,5,1717.36,8
15269,1,408.8,2
15270,7,2379.49,22
15271,15,2493.34,184
15272,2,721.94,63
15274,2,716.57,44
15275,1,615.14,41
15276,1,128.63,49
15277,1,255.89999999999998,12
15279,1,290.51,19
15280,1,113.12,16
15281,9,2332.15,121
15286,1,240.55,3
15287,2,486.69,17
15288,5,2306.52,80
15289,3,939.78,43
15290,18,7943.22,93
15291,15,4668.3,62
15292,1,178.39,24
15296,6,3672.86,137
15297,3,641.94,30
15298,12,4799.9,115
15299,7,4507.01,7
15300,1,496.44,28
15301,12,5049.95,167
15303,1,574.02,31
15304,8,694.4000000000001,8
15306,3,1174.35,57
15307,1,205.3,12
15308,1,310.47,19
15311,91,60632.75,567
15312,4,924.85,42
15313,1,52.0,1
15314,1,327.97,24
15315,2,570.5,35
15316,1,165.0,1
15318,1,312.62,33
15319,1,204.5,16
15320,1,267.13,36
15321,3,2748.31,83
15322,1,679.68,42
15325,1,161.74,47
15326,1,311.71,29
15327,1,208.75,10
15329,3,1049.7,51
15330,2,714.96,10
15332,4,1661.06,29
15333,1,1028.56,16
15334,3,350.82,67
15335,1,170.22,34
15339,2,574.07,77
15341,1,2020.52,17
15342,1,406.09,24
15343,1,364.5,21
15344,3,563.94,21
15345,1,393.54,20
15346,1,252.42000000000002,17
15347,1,201.60000000000002,5
15348,1,158.04,9
15349,2,463.90999999999997,65
15350,1,115.65,5
15351,7,1934.66,157
15353,2,770.12,59
15355,2,277.05,9
15356,10,2718.03,215
15358,22,8347.2,292
15360,1,427.93,13
15361,1,418.92,7
15363,1,326.0,16
15364,2,913.19,29
15365,7,2314.32,65
15366,2,602.51,37
15367,4,1877.59,91
15368,1,446.94000000000005,4
15370,7,2386.05,65
15372,1,2007.3999999999999,27
15373,12,2415.91,74
15374,1,168.0,3
15376,3,1221.56,100
15379,7,3703.29,145
15380,5,1690.2600000000002,22
15381,2,596.85,8
15382,6,5955.71,193
15384,2,642.41,34
15385,1,316.88,12
15386,1,394.14,31
15388,1,140.54,10
15389,1,500.0,1
15392,4,1535.53,74
15393,2,231.86,10
15394,4,2183.54,54
15395,1,107.45,7
15396,1,288.18,14
15397,1,94.0,6
15398,2,1345.53,60
15399,3,815.77,45
15400,5,716.2,10
15402,2,626.77,35
15405,1,349.1,8
15406,2,510.71000000000004,51
15407,4,1046.74,142
15408,1,267.18,34
15410,8,3450.84,48
15411,4,1348.93,86
15412,1,190.53,10
15414,3,774.9000000000001,37
15415,1,559.61,46
15416,4,3984.32,165
15417,1,508.8,28
15419,1,135.86,8
15421,4,950.36,40
15422,2,97.7,6
15423,1,43.5,2
15424,2,383.34,17
15426,5,1404.07,217
15427,3,1430.54,233
15428,1,93.78,6
15429,2,397.35,77
15432,1,171.19,10
15433,2,533.3,40
15434,5,1041.48,40
15435,1,149.29,29
15436,3,1067.75,243
15437,1,200.16,44
15438,1,156.57999999999998,25
15440,3,383.68,50
15442,1,594.0,2
15443,7,3213.59,237
15444,2,1411.21,191
15445,1,113.5,5
15447,1,155.17,9
15448,1,494.64,28
15449,3,974.52,47
15450,1,429.84,30
15452,3,528.48,47
15453,7,1371.77,169
15454,1,179.1,23
15456,3,434.59000000000003,48
15457,1,237.07,56
15458,1,161.64,7
15460,1,214.26,53
15462,3,234.6,9
15463,1,126.14,7
15464,1,1044.65,155
15465,18,7354.62,43
15466,1,334.53,56
15467,3,524.88,41
15468,2,467.51,24
15469,2,538.55,24
15471,1,454.48,67
15472,1,371.56,76
15473,7,1771.2,4
15475,1,454.10999999999996,29
15478,2,1399.92,34
15480,1,905.5,45
15482,12,10879.76,46
15483,4,225.26,74
15484,4,3590.41,135
15485,3,2564.5,59
15488,1,91.32000000000001,2
15489,3,1134.28,47
15491,6,3100.09,108
15492,2,659.4599999999999,32
15493,5,1953.41,177
15494,2,1280.58,120
15497,2,1262.2,13
15498,27,13316.4,360
15500,4,1131.56,64
15502,12,10384.93,164
15503,1,141.04,66
15504,1,52.83,13
15505,5,3610.96,90
15506,3,972.08,121
15507,1,475.86,41
15508,6,1000.27,78
15510,1,250.0,1
15511,5,900.53,117
15512,2,121.0,7
15513,19,14758.220000000001,183
15514,11,4023.7200000000003,96
15516,3,62.43,15
15517,1,267.03,27
15518,8,1921.55,135
15520,1,343.5,18
15521,8,3000.2,116
15522,2,397.99,47
15523,1,412.01000000000005,10
15524,1,440.0,1
15525,3,734.37,133
15526,2,148.44,4
15527,8,2428.53,127
15528,1,229.33,26
15529,11,3962.6,415
15530,4,1497.31,90
15531,2,1972.39,196
15532,4,1564.73,205
15533,3,807.57,73
15535,4,502.9,55
15537,1,110.92,24
15539,1,538.46,41
15540,1,213.3,15
15541,1,85.13000000000001,29
15543,1,127.86,26
15544,9,3546.71,122
15545,2,288.96999999999997,78
15547,14,4910.6,441
15549,3,1681.46,104
15550,4,575.63,43
15551,1,436.06,29
15552,1,90.12,17
15553,1,428.93,51
15554,1,217.2,14
15555,16,4794.86,401
15556,1,279.77,31
15557,1,468.91,16
15561,4,800.59,27
15562,1,134.55,1
15563,4,1400.44,88
15565,2,173.16,8
15567,1,186.01,7
15568,3,758.29,27
15569,5,1375.71,27
15570,12,4148.82,231
15571,4,650.4300000000001,47
15572,7,2533.42,166
15573,2,591.1899999999999,88
15574,4,675.64,131
15576,1,921.37,43
15577,3,258.88,39
15578,1,127.1,13
15579,2,327.6,45
15581,13,3675.77,134
15582,3,682.9100000000001,39
15584,4,720.86,89
15585,1,455.3,31
15587,4,913.6800000000001,3
15589,3,478.53000000000003,28
15592,1,388.58,24
15593,1,199.8,5
15594,5,1771.78,85
15596,5,1406.59,51
15597,1,324.57,22
15598,1,240.68,14
15599,2,761.74,50
15601,14,6776.56,230
15602,9,1297.8700000000001,30
15603,1,48.480000000000004,2
15604,1,216.39,17
15605,5,1198.23,61
15606,9,2920.16,48
15607,1,104.76,13
15608,4,1093.68,59
15609,1,298.48,16
15610,1,112.46000000000001,6
15611,13,1591.45,23
15612,2,195.15,4
15615,23,10399.74,184
15618,4,776.851,39
15619,1,336.40000000000003,3
15620,3,1553.18,92
15621,4,1293.03,11
15622,9,3709.56,169
15623,1,301.03,19
15624,4,588.13,26
15625,4,1534.26,44
15626,2,675.8,49
15628,9,2870.2400000000002,85
15630,2,1186.35,57
15632,8,3285.31,107
15634,1,243.55,15
15636,2,724.76,20
15637,1,223.36,15
15639,1,425.32,25
15640,15,12416.11,240
15641,4,1887.2,102
15643,3,664.0,31
15644,4,803.54,166
15645,1,612.01,50
15646,3,447.64000000000004,35
15648,2,639.5,23
15649,2,816.0,1
15651,3,646.3,27
15652,1,337.74,21
15653,2,877.4399999999999,4
15654,2,922.53,15
15655,1,560.67,34
15656,4,748.5,46
15657,1,30.0,1
15658,5,1024.1000000000001,40
15659,1,306.45,11
15660,9,1600.86,55
15661,2,309.8,4
15663,1,138.14,9
15664,1,386.43,17
15665,2,2222.21,92
15667,1,301.32,13
15668,1,76.32000000000001,1
15669,4,684.34,31
15670,1,173.05,12
15671,7,2657.13,52
15673,4,2726.23,107
15674,5,2446.6,88
15675,3,323.69,20
15676,3,3435.76,191
15677,1,657.23,33
15678,1,352.7,12
15679,4,781.28,98
15680,3,1333.68,61
15681,5,1426.16,32
15683,1,193.75,10
15687,9,2993.1,119
15689,2,254.1,8
15690,2,239.76,19
15691,1,136.8,2
15692,1,191.04,12
15694,14,6479.4,42
15695,2,409.98,22
15696,8,2711.11,140
15699,1,309.65,18
15700,2,696.68,85
15701,4,1529.0,193
15703,1,211.5,5
15704,4,2293.62,79
15705,1,143.1,6
15706,4,1060.56,50
15707,4,916.98,126
15708,7,3235.25,124
15709,1,133.25,6
15712,5,1072.3600000000001,41
15713,2,356.7,18
15714,2,330.03000000000003,34
15716,4,1101.1100000000001,101
15717,1,150.3,7
15719,13,5030.07,299
15720,1,598.73,128
15721,1,471.40000000000003,80
15722,5,2211.21,45
15723,1,190.7,37
15724,2,218.25,11
15725,1,415.25,32
15727,7,5159.06,213
15729,1,85.0,5
15730,3,1120.88,68
15732,2,294.12,13
15733,1,162.3,10
15734,2,1339.45,25
15737,8,1188.1200000000001,60
15738,16,4812.42,46
15739,1,449.12,8
15740,1,154.88,9
15743,4,775.96,59
15744,1,34.8,3
15745,4,1094.59,57
15746,1,196.88,28
15747,3,946.64,52
15748,1,144.36,19
15749,3,44534.3,5
15750,8,2463.05,214
15752,7,2626.6,236
15753,1,79.2,1
15754,3,458.57,24
15755,6,2364.25,127
15756,4,528.01,160
15757,2,714.42,43
15758,1,205.25,9
15759,3,253.04,5
15762,2,583.75,37
15763,2,1086.92,58
15764,6,3279.97,150
15766,1,315.06,11
15768,3,621.8299999999999,23
15769,26,56252.72,26
15773,1,635.6800000000001,10
15774,1,270.8,25
15775,1,104.9,7
15776,1,241.62,18
15777,4,1047.11,18
15780,3,475.28000000000003,26
15781,3,345.46,20
15782,3,2614.7400000000002,34
15783,1,246.3,14
15785,5,2328.9700000000003,58
15786,3,4919.0,257
15787,3,933.26,156
15789,1,351.3,25
15790,1,218.75,34
15791,2,1612.69,66
15793,3,965.61,6
15795,1,610.01,42
15796,8,2708.61,70
15797,4,2207.4,8
15799,3,884.14,94
15800,2,696.89,116
15801,3,1063.95,61
15802,1,451.42,1
15803,1,415.82000000000005,8
15804,13,4206.39,170
15805,17,5488.18,220
15806,3,784.58,24
15807,3,903.9,48
15808,4,3651.27,142
15809,5,515.77,31
15810,4,1391.98,66
15811,6,2218.62,117
15812,5,1801.14,36
15813,2,1303.9099999999999,40
15814,4,1945.33,63
15815,5,2100.6,33
15819,4,1905.45,96
15820,1,206.98,17
15821,2,570.96,57
15822,2,885.47,28
15823,1,15.0,1
15825,1,532.94,20
15826,3,1654.31,64
15827,14,1836.0900000000001,72
15829,2,636.14,44
15830,1,576.0,39
15831,3,794.64,63
15832,1,836.79,54
15834,4,2225.15,242
15835,4,954.09,47
15836,1,137.37,10
15837,1,391.98,24
15838,19,33643.08,54
15839,3,1048.49,56
15840,2,355.56,26
15841,4,1224.06,36
15843,1,118.95000000000002,8
15844,1,130.73999999999998,11
15845,8,3711.77,97
15847,2,389.27,22
15850,2,234.88,87
15852,2,160.71,22
15853,1,110.8,29
15854,12,2969.12,105
15855,5,712.24,59
15856,27,16143.64,295
15857,1,297.0,14
15858,5,1427.57,145
15860,8,965.16,105
15861,8,3146.92,339
15862,4,832.88,142
15863,2,68.84,18
15864,6,1936.3200000000002,16
15865,3,895.13,37
15866,1,211.89,43
15867,15,3810.14,302
15869,2,149.64,13
15870,1,351.44,68
15872,2,316.25,101
15874,7,4405.88,110
15877,2,490.33,122
15880,1,329.03000000000003,95
15881,5,501.39000000000004,26
15882,4,516.36,23
15883,2,396.48,42
15885,3,379.35,18
15886,1,181.09,12
15888,1,168.31,11
15889,2,420.07,79
15891,1,511.68,60
15894,2,258.25,35
15895,1,179.17,11
15897,2,208.59,17
15898,5,1383.83,70
15899,1,56.25,4
15900,1,337.28,44
15901,3,351.73,102
15903,7,5126.76,46
15904,1,164.68,30
15906,7,1567.69,113
15907,3,882.72,175
15909,1,191.94,7
15910,8,1228.88,215
15912,2,264.62,19
15916,8,1502.8600000000001,124
15917,1,123.1,12
15918,2,334.23,33
15919,2,525.69,103
15920,4,167.5,53
15921,1,323.03000000000003,24
15922,1,369.5,11
15923,1,127.08,21
15925,1,207.15,12
15930,1,426.63,21
15932,8,2495.87,93
15933,3,1107.46,63
15935,2,416.86,12
15937,1,145.35,7
15938,5,404.58,13
15939,15,6115.01,28
15940,1,35.8,1
15942,1,337.44,14
15944,1,325.1,6
15945,1,181.0,2
15947,1,1708.24,29
15948,2,955.24,51
15949,2,364.72,12
15950,4,1744.71,86
15951,2,708.22,36
15952,4,781.91,65
15953,8,1657.28,63
15955,14,4416.26,137
15957,1,428.89,40
15958,1,104.35,7
15963,2,470.76,26
15965,4,808.87,88
15967,2,397.68,73
15969,3,666.1,20
15970,1,314.1,11
15971,12,4199.85,10
15973,1,307.82000000000005,4
15974,7,3442.15,141
15975,1,371.01,24
15976,2,427.64,83
15977,2,1054.73,48
15978,1,1098.78,49
15980,3,2398.86,40
15981,8,3408.48,53
15983,4,1465.12,82
15984,10,2780.63,217
15985,2,1142.42,29
15986,1,168.12,14
15987,7,1432.77,110
15988,1,156.78,26
15990,2,792.11,52
15992,1,41.989999999999995,3
15993,7,2777.67,335
15994,1,414.27,31
15996,6,1032.58,103
15998,5,3080.22,370
16000,3,12393.7,9
16003,5,2735.37,82
16005,4,578.71,173
16006,1,101.4,8
16007,4,1693.81,221
16008,3,478.78,29
16009,4,972.11,68
16010,3,392.4,62
16011,16,3352.96,99
16012,3,1415.29,87
16013,47,37130.6,30
16014,3,646.83,123
16015,3,704.55,146
16016,8,1465.51,156
16017,1,211.88,26
16018,2,408.90000000000003,26
16019,9,3786.2400000000002,133
16020,3,851.01,42
16022,1,602.63,68
16023,3,719.81,90
16024,1,251.03,61
16025,1,439.65999999999997,28
16026,1,236.09,30
16027,6,934.62,11
16029,63,80850.84,44
16030,1,331.24,28
16031,2,547.9,91
16033,20,8778.82,538
16034,3,437.7,18
16036,2,758.92,55
16037,3,855.02,37
16038,3,471.78000000000003,24
16040,3,1313.55,57
16041,3,3166.4,6
16042,5,1177.47,68
16043,4,773.99,30
16045,4,1340.7,71
16048,2,256.44,8
16049,3,1074.81,248
16050,1,137.9,10
16052,1,362.06,34
16053,2,1511.95,81
16054,1,783.9,70
16055,1,134.8,8
16056,1,650.75,66
16057,7,2263.12,109
16059,6,1453.16,126
16062,4,1153.62,50
16063,1,335.32,23
16065,1,367.14,71
16066,5,1521.04,77
16070,2,852.15,32
16071,1,326.24,21
16072,1,584.3199999999999,23
16073,1,122.39999999999999,1
16076,10,2234.73,71
16078,1,79.2,1
16079,3,1352.0,18
16080,2,217.16,10
16081,5,2799.42,175
16083,2,1317.62,31
16084,1,436.18,38
16085,5,981.51,123
16086,5,1121.39,24
16091,2,315.06,16
16092,3,817.86,37
16093,1,17.0,1
16094,4,1078.23,48
16096,1,320.62,12
16097,1,185.04999999999998,10
16098,7,2005.63,34
16099,3,731.9,29
16101,1,1290.7,76
16102,3,1842.14,41
16103,6,1429.64,30
16104,1,298.21,28
16105,1,336.96,13
16106,1,108.38,6
16107,7,3204.1600000000003,16
16108,1,842.5,48
16109,2,611.88,18
16110,3,1320.95,283
16112,4,195.73999999999998,15
16113,1,161.38,30
16114,1,135.75000000000003,8
16115,8,1660.8799999999999,169
16116,1,612.78,34
16117,1,232.21,30
16119,2,423.36,14
16120,4,1309.14,26
16121,2,854.66,170
16122,4,684.4200000000001,26
16123,1,307.78,16
16124,1,249.0,11
16125,1,289.35,13
16126,4,6287.77,57
16127,1,656.25,40
16128,5,1880.22,76
16131,6,3506.54,55
16133,33,14589.04,219
16134,2,618.09,34
16135,1,517.55,21
16136,3,709.38,35
16139,3,635.41,25
16140,2,725.18,32
16141,1,620.4,30
16142,1,535.34,37
16143,6,2424.94,75
16144,1,175.2,1
16145,11,3799.4900000000002,134
16146,3,734.13,26
16147,1,375.0,22
16148,1,76.32000000000001,1
16149,2,280.52,18
16150,5,2053.02,91
16152,1,1829.04,29
16153,5,1824.23,78
16156,9,3092.04,108
16157,3,656.69,12
16159,1,348.2,14
16160,2,1025.44,20
16161,19,5533.67,286
16162,1,37.4,2
16163,2,856.6,5
16164,3,822.48,27
16168,27,3787.6,57
16169,4,1822.97,71
16170,6,1885.05,106
16171,1,73.2,3
16172,5,1140.21,52
16173,6,1418.32,70
16174,3,1009.5500000000001,19
16175,4,1037.59,45
16177,1,331.95,15
16178,1,197.9,8
16179,1,215.83,11
16180,8,10254.18,90
16181,1,305.54,11
16182,4,6617.65,17
16183,1,338.71000000000004,15
16184,6,1158.79,26
16185,2,529.41,31
16186,12,4006.94,87
16187,15,6911.4400000000005,160
16188,4,981.86,65
16189,2,215.48,9
16190,1,215.08,6
16191,13,5180.52,65
16193,1,314.45,19
16198,1,400.68100000000004,15
16200,2,1068.8700000000001,149
16201,4,1863.47,74
16202,1,365.27,18
16203,4,592.9,27
16204,1,384.18,45
16205,4,757.63,73
16206,4,537.0600000000001,52
16207,1,394.38,19
16208,2,664.26,61
16209,5,2262.62,37
16210,18,21086.3,74
16211,1,547.02,23
16212,2,690.34,40
16213,1,159.0,6
16214,3,1062.75,36
16215,1,242.35,14
16216,1,914.9300000000001,37
16217,2,304.25,13
16218,7,3084.68,56
16221,3,860.86,90
16222,1,773.5500000000001,120
16224,4,1295.3,90
16225,5,1096.32,109
16226,3,255.12,6
16227,1,314.22,6
16229,2,1010.6,46
16230,2,542.03,32
16232,4,990.88,24
16233,3,536.6800000000001,22
16235,5,867.31,42
16236,1,432.2,20
16239,2,414.2,18
16240,2,3718.8,126
16241,13,2590.31,347
16242,7,3579.86,184
16243,2,409.1,49
16244,2,1522.75,88
16245,3,1413.66,80
16247,1,114.56,16
16248,1,152.94,7
16249,5,1800.07,67
16250,2,389.44,22
16253,2,3683.86,114
16255,8,2619.91,146
16256,1,752.4300000000001,13
16257,1,46.95,2
16258,5,5203.51,111
16260,1,1035.45,18
16261,4,728.54,98
16265,9,5447.0,164
16266,7,861.89,44
16268,2,667.65,45
16270,1,1141.24,54
16271,5,1404.64,89
16272,1,411.7,25
16274,1,351.75,64
16275,1,559.87,33
16276,1,810.6000000000001,6
16278,1,566.38,23
16279,3,1502.78,102
16281,1,2062.06,17
16282,1,168.3,11
16283,5,1570.81,117
16284,2,812.68,87
16287,1,142.5,8
16292,1,302.25,17
16293,10,2248.9900000000002,102
16295,4,1328.55,70
16297,1,301.9,20
16298,3,598.2,22
16302,1,233.22,11
16303,3,5360.63,119
16305,1,361.21999999999997,22
16306,6,632.27,36
16308,4,2560.0,1
16309,2,706.57,39
16311,2,616.26,35
16313,2,274.15000000000003,16
16315,1,226.37,14
16316,8,2938.91,120
16317,3,1341.65,64
16318,1,328.15,19
16319,1,404.40000000000003,3
16320,2,1038.46,56
16321,5,373.65000000000003,7
16322,2,326.75,28
16323,1,207.50000000000003,1
16324,3,408.59000000000003,100
16325,3,594.24,14
16326,14,3039.2200000000003,158
16327,6,3820.27,142
16330,3,251.91,39
16332,7,1582.8,125
16333,22,26626.8,9
16337,1,151.05,10
16338,1,214.79999999999998,11
16339,1,94.05,17
16340,1,534.31,124
16341,4,1971.87,60
16342,4,322.41,10
16343,2,328.58,29
16344,1,101.10000000000001,1
16345,1,565.46,35
16347,2,847.45,61
16348,7,1415.65,157
16349,1,53.5,9
16350,4,1116.47,40
16351,1,153.9,8
16352,2,494.44,28
16353,23,6675.71,51
16354,2,395.8,38
16356,3,211.77,20
16357,3,658.88,31
16358,4,2027.5,82
16359,9,1750.92,39
16360,6,3450.41,365
16361,4,891.21,87
16362,5,709.99,58
16363,1,109.36000000000001,5
16364,2,705.79,48
16365,9,1540.42,45
16366,1,327.3,18
16367,2,800.67,123
16368,2,479.91,58
16369,3,1545.41,91
16370,4,1301.91,143
16372,2,355.73,86
16374,2,466.73,101
16376,2,974.96,104
16377,1,676.2,5
16378,3,362.95,22
16379,4,2157.4,87
16380,1,1743.1499999999999,28
16383,2,643.76,80
16384,2,584.5,33
16385,3,554.86,52
16386,2,302.57,76
16387,1,94.36,4
16389,4,1382.07,33
16392,1,217.89,41
16393,13,3040.96,120
16394,5,1555.34,61
16395,5,1482.06,150
16398,2,1705.8,75
16399,2,408.02,68
16400,1,303.93,28
16401,12,4098.32,66
16402,2,293.45,55
16403,1,177.5,10
16404,1,443.05,23
16405,2,167.25,3
16406,1,154.35,54
16407,10,2079.68,99
16409,5,2022.98,145
16411,2,211.7,41
16412,1,135.99,25
16413,1,262.2,30
16414,2,126.25,5
16415,1,200.27,45
16416,3,1051.4,59
16418,3,631.12,76
16419,6,958.71,36
16422,51,34684.4,68
16423,1,346.12,18
16424,1,133.56,5
16425,1,302.7,21
16426,10,1863.76,211
16427,2,241.06,8
16429,1,284.55,2
16430,1,300.85,6
16431,3,623.28,51
16432,1,287.4,8
16433,1,184.26,17
16434,7,1511.8,88
16438,5,798.35,74
16440,5,3640.67,186
16441,2,381.2,22
16442,3,609.3,161
16444,4,654.67,68
16445,1,230.51,62
16446,2,168472.5,3
16447,1,255.91,34
16448,1,182.99,19
16449,2,707.69,40
16450,1,311.92,11
16451,1,266.97,14
16454,2,6.9,2
16455,7,1841.18,69
16456,5,2158.18,80
16457,1,208.36,9
16458,18,3482.7400000000002,52
16460,3,811.23,128
16461,1,142.92,31
16462,3,136.0,1
16463,4,1422.4,74
16464,3,1298.66,152
16466,7,1595.96,103
16468,1,74.9,2
16469,4,625.42,148
16470,4,752.77,120
16471,1,223.95000000000002,13
16473,3,316.11,18
16474,7,1810.65,237
16475,4,544.3,23
16477,7,2494.46,111
16478,3,331.0,15
16479,2,300.83,35
16480,1,769.29,51
16482,1,220.62,18
16483,1,139.35,19
16484,2,404.3,25
16485,1,363.65,41
16488,3,498.8,28
16491,1,731.5,39
16493,4,1351.63,40
16494,1,826.53,47
16495,3,648.26,78
16496,3,1599.52,92
16497,6,2965.69,128
16498,2,100.97,15
16499,2,365.45,18
16500,6,400.86,8
16503,4,1431.93,71
16504,1,465.88,76
16505,1,777.6,4
16506,2,90.30000000000001,3
16509,1,363.7,13
16510,1,248.1,13
16511,3,918.33,135
16513,4,874.59,33
16515,5,1624.14,89
16516,1,101.69999999999999,6
16517,1,162.7,17
16518,2,484.32,36
16519,2,215.07999999999998,13
16520,3,1046.57,129
16523,21,9418.470000000001,151
16525,26,13027.45,75
16526,1,290.36,15
16527,1,228.06,14
16528,1,244.41,17
16529,1,455.25,30
16531,7,1244.59,68
16532,3,6748.8,2
16533,3,1082.81,112
16535,1,593.75,31
16536,1,548.12,49
16539,4,1388.81,36
16542,1,119.62,5
16545,1,339.3,3
16546,2,787.15,25
16549,10,4034.9,445
16550,5,2298.97,162
16551,3,922.12,26
16552,2,379.73,17
16553,12,5719.82,62
16554,3,837.1,51
16555,2,285.89,15
16556,7,3313.79,144
16557,2,281.85,11
16558,20,8338.49,264
16560,2,841.41,52
16561,2,511.12,29
16563,1,1077.74,19
16565,1,173.7,3
16566,5,614.66,14
16567,2,865.6,34
16569,1,124.2,5
16570,10,3738.4,68
16571,3,1421.69,73
16572,3,1009.6,40
16573,2,663.61,40
16574,1,451.44,28
16581,1,105.84,9
16582,1,313.62,6
16583,1,233.45,14
16584,2,936.08,25
16586,1,463.95,8
16587,1,225.15,13
16589,3,459.24,31
16591,1,213.5,10
16592,16,4113.68,142
16593,3,330.03,24
16594,1,181.09,53
16595,1,360.16,83
16596,2,250.15,12
16597,1,90.04,7
16598,1,145.04999999999998,10
16600,6,813.52,50
16601,1,242.7,29
16602,1,528.08,29
16603,2,482.47,34
16607,14,3347.71,140
16609,7,5493.46,155
16610,1,75.66,6
16611,1,129.49,9
16612,4,1187.66,48
16613,1,618.59,30
16614,1,506.19,26
16616,2,500.42,31
16617,1,151.85,5
16618,5,2647.59,79
16619,1,226.21,14
16620,2,178.96,9
16621,4,813.48,22
16623,1,129.45,5
16624,2,810.5699999999999,44
16625,1,333.08,23
16626,17,4413.1,86
16627,1,322.8,20
16628,5,2188.05,79
16629,2,408.63,58
16633,6,2883.1,115
16634,2,217.9,9
16637,4,1154.47,66
16638,10,1680.72,92
16639,3,1257.51,48
16641,1,231.10000000000002,12
16642,2,688.33,32
16643,1,487.51,27
16644,2,833.78,62
16647,2,214.06,12
16648,1,290.65999999999997,19
16650,1,518.42,24
16652,7,6773.97,74
16653,2,1212.66,67
16654,4,601.27,29
16655,6,3789.52,208
16656,15,8625.8,14
16657,4,874.43,158
16658,1,123.24,8
16659,1,39.12,2
16660,4,1267.6499999999999,16
16665,1,135.39999999999998,9
16666,1,118.98,32
16667,2,567.1800000000001,52
16668,6,306.71999999999997,9
16669,3,1348.88,141
16670,11,4095.9,179
16671,3,1692.27,3
16672,20,8134.9400000000005,22
16674,2,304.24,89
16676,4,1592.1200000000001,75
16678,12,3109.99,92
16679,1,129.75,3
16680,1,183.7,10
16681,6,1770.34,18
16682,5,1028.0,15
16684,28,66653.56,119
16685,2,324.24,60
16686,7,2959.88,406
16688,4,1260.86,52
16689,2,422.59999999999997,12
16690,2,225.57999999999998,10
16692,2,1276.0,2
16693,2,477.86,58
16696,4,657.9000000000001,7
16697,1,112.75,20
16698,2,1998.0,4
16700,13,5076.55,159
16701,13,5398.3,99
16705,20,14034.99,133
16706,3,531.35,108
16708,1,656.63,27
16709,5,3029.87,64
16710,10,2467.99,268
16711,5,1651.03,18
16712,11,3611.31,259
16713,15,6910.78,338
16714,3,1129.06,77
16715,1,301.71999999999997,19
16716,2,901.2,1
16717,6,3843.08,176
16718,1,606.0500000000001,41
16719,7,1770.22,107
16720,1,152.95,25
16721,1,292.47,37
16722,13,4730.81,96
16723,2,576.4,37
16725,7,758.27,110
16726,5,1358.74,121
16727,1,256.32,41
16728,4,1048.28,218
16729,21,7205.33,234
16730,3,743.11,75
16732,1,603.75,28
16734,3,646.76,44
16735,5,2247.41,88
16737,1,417.59999999999997,1
16738,1,3.75,1
16739,1,323.0,13
16742,1,464.9,1
16743,7,2213.13,89
16744,7,1291.91,198
16745,17,7180.7,148
16746,18,6680.11,234
16747,2,836.06,34
16748,5,1515.9,42
16750,5,623.93,74
16751,1,1764.72,24
16752,1,207.5,9
16753,1,223.92000000000002,34
16754,1,2002.4,2
16755,3,1475.43,133
16756,1,239.4,13
16757,1,106.83000000000001,7
16758,1,369.34000000000003,22
16759,3,789.79,40
16761,1,316.62,13
16762,3,1207.24,51
16763,1,611.85,23
16764,13,2790.9500000000003,209
16765,1,34.0,1
16766,2,1145.6,17
16767,11,5575.56,148
16768,3,478.09000000000003,47
16769,1,361.54,33
16770,5,757.1,116
16771,5,2242.61,200
16773,1,171.59,23
16774,4,661.52,36
16775,11,1691.51,84
16776,1,371.54,61
16777,2,222.62,45
16778,2,245.94,16
16779,22,10611.720000000001,161
16780,2,422.24,51
16781,1,311.25,17
16782,13,2267.9500000000003,103
16784,1,107.6,3
16788,2,594.39,138
16789,1,80.8,5
16790,6,1545.6200000000001,88
16791,7,1705.78,218
16792,2,110.38000000000001,11
16793,1,243.84,16
16794,10,1196.5,142
16795,1,414.88,64
16796,1,305.62,18
16800,1,1162.65,148
16801,4,1594.23,72
16803,1,332.3,24
16804,3,536.99,59
16805,2,460.59,94
16806,4,762.16,68
16807,3,1121.59,57
16808,2,288.42,21
16809,5,914.69,79
16810,1,309.54,15
16811,2,547.07,26
16812,1,479.35,15
16813,10,1652.18,248
16814,21,6416.7,122
16816,4,417.06,28
16817,9,1604.75,73
16818,11,3349.57,172
16820,1,497.61,26
16823,1,358.38,34
16824,2,460.64,23
16825,2,775.1800000000001,27
16826,1,341.7,22
16828,2,128.5,8
16829,1,197.22,11
16830,1,325.91,23
16832,3,199.15,11
16833,4,1106.53,46
16834,1,413.46,24
16835,2,180.85,10
16836,2,251.87,11
16837,11,3170.98,123
16838,2,588.85,24
16839,34,16594.35,114
16841,6,1869.82,101
16842,3,1264.19,45
16843,16,10196.57,226
16846,1,214.32,11
16847,1,193.44,12
16848,1,281.42,14
16849,1,124.57,8
16850,1,332.41,19
16851,3,342.45,17
16852,2,144.91000000000003,9
16855,2,328.4,19
16856,1,35.400000000000006,2
16858,1,375.69000000000005,9
16859,2,747.81,50
16861,2,173.76,6
16863,2,502.8,25
16866,3,207.73999999999998,10
16869,4,817.12,113
16871,6,2812.34,131
16872,3,680.02,5
16873,6,7123.62,179
16875,5,2095.53,93
16877,6,846.62,111
16878,1,13.3,3
16880,7,1491.43,121
16881,1,432.0,1
16882,3,705.12,39
16883,2,272.48,33
16884,2,429.84000000000003,26
16885,3,450.41,82
16887,1,192.32999999999998,35
16889,3,1578.67,112
16891,5,742.43,166
16892,5,518.19,87
16893,1,145.93,44
16895,1,202.27,57
16897,2,289.78,37
16898,3,501.03,150
16899,6,1271.06,80
16900,3,887.11,78
16902,1,1706.88,43
16903,1,363.2,50
16904,16,3653.75,387
16905,7,3037.6,117
16906,4,559.59,74
16907,5,928.76,89
16909,1,379.14,18
16910,8,1508.96,318
16912,11,2555.58,88
16913,1,113.44,8
16914,1,183.76,25
16915,6,621.6800000000001,46
16916,2,562.41,129
16917,1,391.52,9
16918,6,1068.82,97
16919,11,2592.25,141
16921,1,154.18,50
16923,19,7069.08,313
16924,3,829.89,69
16926,1,230.25,14
16927,3,543.05,5
16928,17,2814.7,69
16929,7,1295.39,51
16930,3,378.89,47
16931,21,4554.87,448
16932,1,150.23000000000002,44
16933,2,563.23,42
16934,2,931.03,59
16936,1,261.9,56
16938,4,2711.6800000000003,212
16940,3,3049.88,226
16942,9,1904.99,159
16943,3,816.73,23
16945,19,4345.5,137
16947,1,406.48,21
16948,3,435.02,15
16949,6,1286.27,57
16950,3,1178.56,39
16951,3,1277.75,73
16952,2,167.61,16
16953,1,20.8,1
16954,9,2085.08,40
16955,4,518.67,18
16956,1,308.74,16
16957,2,416.64,15
16959,1,117.35000000000001,7
16960,3,507.05,92
16961,1,234.17,14
16963,1,110.55000000000001,7
16965,1,201.19,26
16966,7,2154.97,8
16967,1,319.02,21
16968,2,439.43,31
16969,3,650.41,42
16971,1,357.21,40
16976,1,251.51999999999998,2
16978,1,344.33,39
16979,6,1852.0,64
16980,2,1028.46,71
16982,1,384.06,22
16983,7,1905.87,112
16984,2,4459.52,354
16985,10,5464.12,62
16986,2,1873.2,3
16987,7,1616.8,74
16988,1,126.12,7
16989,6,1133.25,7
16990,1,179.0,1
16992,5,1614.31,84
16996,6,1456.96,13
16997,3,702.0,7
16998,4,295.0,1
16999,2,484.82,21
17001,11,3989.57,75
17002,3,1493.73,41
17004,2,1312.1399999999999,38
17006,4,781.78,37
17007,6,889.9300000000001,50
17010,1,195.36,11
17011,1,270.9,15
17014,3,583.4300000000001,63
17015,3,1838.6100000000001,182
17017,20,8694.26,88
17018,2,920.1,15
17019,4,1258.08,166
17022,1,71.0,7
17024,3,95.85,2
17025,3,357.77,8
17026,2,154.82999999999998,4
17027,6,877.5600000000001,110
17029,2,716.0,1
17030,1,146.87,11
17031,2,380.35,19
17033,3,1030.14,24
17034,3,745.52,28
17035,2,433.53000000000003,27
17037,1,1267.32,75
17038,1,112.4,22
17040,1,449.73,15
17041,3,1071.49,59
17042,5,1036.58,74
17043,4,1735.18,100
17044,1,948.48,6
17045,3,339.44,20
17046,1,642.02,22
17047,3,1100.9,59
17048,3,925.35,41
17049,9,5655.03,201
17050,6,3185.64,169
17051,1,240.89000000000001,40
17052,1,399.09,72
17053,1,498.48,13
17054,5,1356.33,64
17058,3,1179.89,51
17059,5,3080.39,292
17060,1,234.24,5
17061,11,5232.2300000000005,57
17062,4,533.33,52
17063,7,1461.14,66
17064,3,855.45,53
17068,21,4552.14,116
17069,9,2709.7000000000003,111
17070,1,304.24,62
17071,9,2429.03,102
17073,4,1446.09,142
17075,4,834.12,62
17076,3,841.0799999999999,17
17078,2,378.2,28
17079,1,118.80000000000001,2
17080,2,287.62,8
17081,2,288.91,55
17082,2,2003.85,75
17083,3,1405.78,24
17084,2,2747.9900000000002,146
17085,5,1562.4,115
17086,6,2050.08,76
17088,4,1991.01,96
17090,7,1974.65,45
17091,9,3827.76,119
17092,4,1774.03,99
17094,1,302.0,14
17095,3,1324.16,69
17096,4,1022.13,46
17097,8,954.42,153
17100,2,971.74,65
17101,4,1621.73,28
17102,1,25.5,1
17105,2,665.78,80
17107,6,10797.48,269
17109,6,881.29,107
17110,1,163.29999999999998,12
17111,1,231.61,29
17114,8,801.12,85
17115,3,837.5,33
17117,1,116.19999999999999,9
17118,1,157.02,10
17119,2,606.91,35
17120,1,307.46,18
17122,1,138.32,7
17123,1,345.29999999999995,9
17124,1,294.24,31
17125,1,230.5,34
17126,5,989.45,187
17128,1,157.09,14
17131,5,2463.17,78
17133,7,4892.240000000001,13
17134,2,413.2,21
17135,7,1139.73,34
17138,1,380.5,24
17139,12,10650.77,309
17140,1,454.12,16
17142,1,579.0,15
17144,2,984.57,42
17146,3,749.78,33
17147,4,1714.59,68
17148,1,124.88,9
17152,3,1689.5,9
17153,1,213.78,14
17154,1,329.34,23
17155,2,251.70000000000002,19
17157,2,319.0,11
17158,3,1266.97,53
17159,3,1538.88,96
17160,6,3518.03,111
17162,10,1715.46,81
17163,2,293.1,3
17164,7,2467.35,92
17165,1,158.68,10
17166,2,206.34,11
17169,2,835.78,51
17171,1,224.91,16
17172,1,317.76,15
17173,8,3766.6,36
17174,1,59.9,4
17175,4,1443.69,42
17176,1,306.13,15
17179,3,711.79,56
17180,4,783.97,91
17181,2,239.92000000000002,23
17183,6,3347.31,42
17186,2,144.0,1
17187,1,203.95,10
17188,7,2474.23,71
17189,2,383.75,52
17190,2,444.74,19
17191,7,2093.68,163
17193,7,1699.3000000000002,17
17194,2,262.62,26
17197,1,1013.01,29
17198,3,692.22,89
17201,1,289.78,38
17203,6,3560.08,116
17204,4,1564.56,44
17205,1,384.08,13
17206,1,204.24,7
17211,8,2317.2200000000003,150
17212,1,226.85,4
17213,7,2781.23,85
17214,6,1059.1200000000001,79
17217,1,113.5,9
17218,10,1951.97,146
17219,1,114.23,24
17220,14,3187.55,303
17221,2,334.48,59
17222,1,328.65,27
17223,2,416.89,43
17226,1,393.49,21
17227,6,939.32,28
17228,8,1906.09,140
17229,2,318.76,39
17230,8,3638.41,51
17231,10,3124.72,292
17232,2,417.77,30
17233,1,190.88,25
17234,1,149.89000000000001,14
17235,2,550.06,24
17236,6,916.13,88
17237,2,314.69,18
17238,17,3719.1,297
17239,1,382.5,15
17242,2,1135.04,30
17243,26,8540.05,180
17244,1,954.9,31
17245,1,171.45,9
17247,1,280.09000000000003,53
17248,1,318.65,68
17250,2,381.97,55
17251,1,269.83,37
17252,2,348.91,86
17253,1,178.26,18
17254,2,271.19,100
17255,2,291.48,69
17256,2,240.0,12
17259,2,581.23,104
17262,5,1253.3600000000001,9
17263,1,63.440000000000005,23
17265,2,550.01,106
17266,3,296.58,60
17267,2,317.2,37
17268,4,763.64,3
17272,4,2148.63,70
17274,1,107.82,24
17277,2,1065.3500000000001,67
17278,1,246.04,15
17279,1,187.82999999999998,8
17282,3,1685.46,79
17284,6,1647.48,229
17286,1,151.37,44
17287,7,1049.06,88
17288,7,1417.63,118
17289,3,931.02,86
17290,2,513.01,92
17291,1,550.8000000000001,1
17293,9,1854.06,93
17295,3,547.0,53
17297,1,128.18,49
17298,2,498.42,30
17299,4,656.61,50
17301,1,163.24,59
17302,5,1135.63,68
17303,1,250.04,53
17306,19,8631.31,13
17309,1,82.75,11
17311,2,1384.85,55
17312,3,644.3,11
17313,1,2328.84,24
17314,8,2527.92,120
17315,38,6281.23,256
17317,3,2600.34,8
17320,3,1200.6200000000001,57
17321,2,657.16,94
17323,7,906.52,125
17324,4,986.48,43
17325,1,96.8,6
17329,2,523.11,29
17330,2,363.9,5
17331,1,175.2,1
17333,1,494.25,28
17334,2,307.02,11
17337,4,1981.06,421
17338,8,6493.54,389
17339,2,243.36,9
17340,11,12353.29,229
17341,3,682.29,147
17343,1,193.64,17
17344,1,157.62,31
17345,4,519.6899999999999,70
17346,15,2622.88,299
17347,1,228.96,1
17348,5,1156.6,180
17349,1,98.25,8
17350,4,1281.32,66
17351,3,587.15,22
17353,2,1740.0,5
17354,1,1393.06,15
17356,1,178.22,19
17357,2,384.39,41
17358,2,360.81,55
17359,1,127.86,13
17360,3,568.24,113
17361,3,488.2,26
17362,2,312.23,30
17364,11,4462.68,288
17365,8,4767.36,278
17367,1,167.55,33
17368,8,1878.87,93
17370,4,446.18,31
17371,3,418.4,83
17372,8,1337.18,215
17373,4,646.92,47
17374,2,495.77,24
17375,3,400.1,63
17376,2,203.2,23
17377,20,4058.32,190
17379,1,389.71999999999997,71
17381,29,20275.61,40
17382,1,65.4,2
17383,1,193.39000000000001,49
17384,2,336.4,12
17385,1,256.11,42
17386,6,2686.42,23
17387,2,746.81,71
17388,4,1259.56,13
17389,34,31833.68,45
17391,2,508.8,2
17392,2,417.27,53
17394,1,203.86999999999998,4
17396,8,7330.8,24
17397,2,681.41,88
17398,3,653.38,30
17400,5,2097.84,175
17402,13,2633.85,33
17403,1,263.92,32
17404,15,31906.82,111
17405,3,1031.41,77
17406,3,2184.42,99
17408,1,32.65,2
17409,2,771.85,13
17410,5,1214.72,57
17411,3,778.94,39
17412,7,1258.06,48
17414,2,778.0,5
17415,1,507.84,14
17416,7,6893.42,186
17418,2,463.46000000000004,29
17419,12,4226.57,155
17420,3,598.83,28
17422,6,1979.37,93
17423,2,698.41,26
17425,2,759.17,42
17426,6,5037.26,179
17427,1,100.8,2
17428,28,17256.85,252
17429,3,524.9200000000001,36
17430,2,265.76,14
17431,1,403.3,41
17432,2,365.76,44
17433,1,303.15999999999997,53
17434,7,2373.82,100
17436,2,216.29999999999998,7
17438,1,388.45000000000005,17
17440,3,186.42000000000002,3
17442,6,2248.56,96
17443,1,534.24,1
17444,3,2940.04,132
17446,2,120.9,6
17447,2,541.53,33
17449,7,2519.21,178
17450,46,194390.79,124
17451,7,1721.4,83
17453,2,486.71999999999997,19
17454,4,517.53,57
17455,1,131.7,8
17456,1,249.86,17
17457,5,1737.7,14
17458,1,316.5,52
17459,2,657.3,88
17460,6,622.4300000000001,18
17461,3,735.82,104
17462,2,675.69,25
17463,5,1875.86,162
17464,1,289.96000000000004,9
17466,2,763.28,41
17468,2,137.0,5
17469,5,1870.97,61
17470,5,1125.07,67
17472,3,697.54,142
17475,1,194.37,14
17480,1,511.82,29
17481,4,1255.59,69
17483,3,414.04,18
17486,1,396.87,24
17489,2,376.64,28
17490,7,2092.32,63
17491,10,3558.87,72
17492,1,374.57,12
17495,2,497.56,21
17496,1,271.05,10
17498,1,272.22,17
17499,1,622.88,40
17500,3,1138.0,3
17501,2,288.6,18
17502,4,689.1,25
17503,2,558.96,36
17504,9,2997.0299999999997,112
17505,2,1145.84,48
17506,1,302.2,14
17507,2,605.58,79
17508,1,387.31,22
17509,8,6083.64,75
17510,1,308.48,20
17511,31,91062.38,453
17512,10,2924.9900000000002,61
17513,1,513.2,6
17514,1,208.65,40
17515,4,639.02,49
17516,5,764.88,113
17517,1,153.94,11
17519,6,1844.02,60
17520,1,546.81,30
17521,3,723.2099999999999,38
17522,5,1070.71,59
17523,4,652.74,25
17524,1,145.0,6
17525,1,422.70000000000005,9
17526,4,1195.8999999999999,17
17527,4,939.37,45
17528,8,3628.5,183
17530,10,2367.12,306
17531,1,296.7,14
17534,1,223.36,9
17535,1,164.4,13
17536,1,76.5,3
17537,2,887.67,74
17538,1,98.42,9
17540,2,578.9,20
17542,1,170.75,24
17545,3,642.32,122
17548,1,103.3,5
17549,2,148.86,5
17550,3,267.16,42
17551,1,290.34,39
17552,4,930.41,43
17553,1,1487.6,2
17554,5,1952.45,58
17555,2,480.31,101
17556,1,157.9,6
17557,3,541.46,27
17560,4,854.95,22
17561,1,165.12,44
17562,7,1122.38,48
17564,3,454.01,38
17566,2,869.77,113
17567,8,4331.48,110
17569,1,344.14,29
17571,4,1425.67,247
17572,4,226.75000000000003,7
17573,3,380.6,24
17574,1,185.65,8
17576,19,3564.83,245
17578,1,143.45999999999998,5
17579,3,448.90000000000003,46
17580,3,215.72,43
17581,25,11025.24,229
17582,1,175.27,28
17584,2,1242.3,30
17585,4,1116.68,176
17588,3,1240.2,19
17589,4,2404.17,172
17590,3,1468.02,162
17591,7,2203.67,81
17593,5,3923.86,190
17594,2,993.18,42
17595,2,386.69,68
17596,7,2806.69,168
17597,1,2044.3700000000001,55
17600,1,161.67000000000002,13
17601,1,116.00999999999999,9
17602,6,5054.42,335
17603,1,394.72,11
17604,2,309.36,57
17608,2,191.99,54
17609,5,1105.78,199
17611,15,3961.12,440
17612,6,2048.45,116
17613,14,4544.55,211
17614,1,386.32,97
17615,3,329.6,13
17616,3,571.1999999999999,1
17618,3,930.28,56
17619,1,214.37,71
17620,1,81.44,4
17621,3,1379.9,24
17623,1,527.0500000000001,33
17624,2,843.48,49
17625,4,2020.4,223
17628,1,75.75,5
17629,8,1814.12,106
17630,2,503.59999999999997,24
17631,3,528.33,39
17633,4,1324.84,59
17634,9,2358.59,209
17636,1,285.56,20
17637,2,547.0600000000001,35
17639,1,108.5,7
17640,1,621.66,5
17642,2,712.29,34
17643,1,101.55,8
17644,11,2895.64,102
17646,3,1008.39,46
17647,1,133.06,7
17648,4,1797.5,81
17649,1,868.49,52
17650,1,166.08,8
17651,10,3945.0,149
17652,12,4867.72,118
17653,4,1207.56,44
17654,1,117.55,22
17655,7,2638.94,66
17656,5,1674.69,67
17658,2,595.42,17
17659,12,2999.46,127
17660,1,178.75,37
17663,7,1802.91,63
17664,2,604.64,41
17666,2,728.16,14
17667,5,2055.51,85
17668,2,347.75,14
17669,7,3406.7200000000003,45
17670,1,205.7,11
17671,4,1572.71,40
17672,2,3178.17,105
17673,6,1594.97,118
17674,2,551.04,19
17675,31,20374.28,239
17676,6,1371.18,49
17677,30,16345.38,178
17678,1,298.11,16
17679,2,1992.1100000000001,29
17680,1,184.4,11
17682,6,2474.33,48
17684,1,239.41,15
17685,7,3155.83,88
17686,7,5739.46,205
17690,15,4726.8,186
17691,2,290.40000000000003,18
17692,4,740.9399999999999,34
17693,1,200.47,16
17694,1,283.12,15
17695,2,765.34,30
17696,8,2285.71,78
17697,1,338.95,19
17698,1,154.95,8
17700,4,2534.64,116
17701,1,417.95,24
17702,4,1824.37,58
17703,3,798.74,47
17704,2,885.19,27
17705,9,1823.52,63
17706,17,10504.49,270
17707,2,152.4,3
17708,2,263.33,28
17709,1,137.45,7
17711,2,385.1,22
17712,1,522.91,29
17714,1,153.0,10
17715,1,326.4,1
17716,11,5655.99,171
17718,1,139.35,6
17719,15,5396.04,111
17720,4,1195.94,39
17722,4,2424.04,111
17723,6,3276.4000000000005,4
17724,3,1033.0,38
17725,11,3439.08,115
17727,1,1060.25,66
17728,3,2876.01,153
17730,13,5298.4800000000005,127
17731,4,1240.11,54
17732,1,303.97,18
17733,2,692.19,33
17734,3,700.63,40
17735,19,13110.02,319
17736,3,377.44,24
17737,2,168.24,8
17738,4,1879.05,89
17739,7,2791.35,29
17742,2,355.11,13
17744,6,2322.4,110
17746,1,110.25,6
17747,1,71.4,1
17749,2,674.52,33
17750,9,1710.45,101
17752,1,80.64,1
17754,5,1664.65,82
17757,30,5593.39,275
17758,8,3408.2000000000003,310
17759,3,819.96,82
17760,2,287.59,25
17761,1,712.78,19
17763,1,15.0,1
17764,2,772.55,71
17765,3,367.63,51
17767,1,271.2,21
17768,3,2081.9,77
17769,10,3957.43,200
17770,5,1143.27,33
17771,2,245.81,51
17772,2,173.45,50
17774,4,1213.73,123
17775,1,56.4,3
17777,3,647.56,141
17779,3,650.32,73
17781,2,188.02,12
17783,2,283.47,67
17785,1,131.94,13
17786,2,266.85,57
17787,4,1817.54,94
17788,2,1117.9,3
17789,1,225.9,14
17790,14,1964.3,121
17791,1,106.1,10
17793,1,300.34,49
17795,2,342.83,43
17796,4,690.0,63
17797,3,780.43,102
17799,10,3039.17,280
17800,9,1187.21,51
17802,3,1285.04,102
17805,1,512.31,10
17806,1,546.04,43
17809,12,5411.91,46
17811,39,7761.82,359
17812,4,699.81,113
17813,5,1698.07,297
17816,4,36.56,16
17817,3,387.68,32
17819,7,3704.87,36
17824,1,298.4,13
17827,5,1987.33,190
17828,4,1820.09,54
17829,1,889.24,30
17830,3,398.7,18
17831,1,35.400000000000006,2
17832,1,155.37,61
17835,3,342.24,45
17836,1,110.21000000000001,23
17837,8,1541.23,110
17838,5,2720.8,96
17839,1,318.15,50
17841,124,40519.84,1323
17843,1,205.48,36
17844,1,51.559999999999995,5
17846,1,2033.1,1
17848,9,901.1999999999999,41
17849,4,605.8000000000001,14
17850,34,5391.21,21
17852,2,114.34,21
17854,2,311.26,15
17855,1,208.97,17
17856,4,1418.03,12
17857,23,26879.04,19
17858,12,5140.66,101
17859,1,141.92000000000002,23
17860,1,226.45000000000002,49
17861,8,2097.88,172
17862,1,330.9,11
17863,6,3160.0,110
17864,3,554.85,70
17865,20,10526.32,191
17866,1,329.65,9
17867,6,1157.8700000000001,62
17869,5,428.18,37
17870,12,1865.89,214
17871,1,155.9,10
17873,5,1848.96,24
17874,6,683.46,37
17877,1,237.61,12
17878,1,379.45,26
17879,1,178.51999999999998,6
17880,1,458.92,26
17881,1,133.35000000000002,8
17883,4,664.34,133
17884,4,695.0699999999999,107
17885,1,156.34,50
17886,3,869.28,93
17887,1,111.35,10
17888,8,716.0,60
17889,2,201.37,20
17890,2,586.89,88
17891,1,203.85999999999999,34
17892,3,244.1,27
17893,1,107.21,15
17894,8,1118.96,127
17895,1,95.45,15
17896,1,256.32,2
17897,3,541.8100000000001,100
17898,2,152.06,27
17899,1,154.55,29
17900,2,112.19999999999999,4
17901,1,110.38,19
17904,1,181.07,33
17905,4,798.99,33
17906,1,72.9,12
17908,1,232.03,51
17911,1,366.23,39
17912,5,310.06,35
17913,2,408.65,55
17914,1,329.36,72
17917,3,335.03,77
17919,1,1304.04,23
17920,17,4119.5,407
17921,4,820.23,114
17923,1,207.50000000000003,1
17924,7,2962.5,26
17925,1,244.08,1
17926,2,397.29,17
17928,2,212.54,23
17929,4,843.0,4
17930,5,1740.48,26
17931,2,408.36,63
17932,3,1331.57,84
17934,2,704.25,21
17935,2,145.79,28
17936,1,380.13,68
17937,7,4301.22,19
17939,1,99.14,12
17940,10,4020.04,6
17941,1,304.56,2
17942,1,77.50000000000001,2
17946,2,149.57999999999998,18
17947,1,176.68,9
17948,1,358.56000000000006,1
17949,45,58510.48,29
17950,3,482.2,63
17951,3,1008.5400000000001,18
17954,12,2314.13,326
17955,4,557.3,14
17956,1,12.75,1
17957,1,111.68,31
17958,1,508.4599999999999,7
17960,1,73.78,26
17961,39,1296.44,211
17962,1,102.41,33
17964,2,463.21,84
17965,14,2599.19,274
17966,5,1098.43,53
17967,1,112.27,41
17968,1,265.1,74
17969,2,228.2,14
17970,1,562.79,27
17972,1,135.19,30
17973,1,337.04,15
17974,3,703.99,143
17975,13,4483.26,189
17976,1,321.79,56
17977,1,288.14,19
17978,1,300.91999999999996,12
17979,4,732.41,116
17980,3,811.45,23
17984,1,152.68,48
17985,1,631.35,20
17986,1,20.8,1
17987,1,198.57,13
17988,7,201.12,37
17990,3,630.84,27
17991,2,93.35,4
17994,4,674.89,63
17995,1,76.1,2
17997,8,1962.46,133
17999,2,380.39,87
18001,2,415.13,56
18004,1,157.92,32
18005,2,226.47,52
18006,1,444.68,21
18008,9,2116.19,24
18009,1,247.39,31
18010,1,174.8,14
18011,1,102.78999999999999,28
18013,2,187.29,31
18014,1,162.22,29
18015,1,120.03,46
18016,5,1477.66,90
18017,3,523.0,1
18018,2,122.14,29
18019,1,38.45,5
18022,1,612.72,141
18024,2,389.78,21
18027,1,115.31,21
18030,2,230.64999999999998,8
18032,1,73.5,5
18033,1,93.82000000000001,32
18034,2,418.68,99
18035,3,713.89,44
18036,3,403.12,77
18037,6,70.02,19
18040,2,357.20000000000005,18
18041,21,4097.37,285
18042,1,165.04999999999998,7
18043,3,529.29,106
18044,10,2088.6,88
18045,1,178.34,43
18048,2,172.29000000000002,6
18050,1,74.4,5
18053,1,300.02,20
18055,10,6761.34,223
18056,1,363.65,19
18058,1,170.16,3
18059,3,306.46,17
18061,10,2119.41,18
18062,3,720.52,23
18064,2,814.0,7
18065,14,2392.83,110
18066,1,318.0,10
18067,1,396.33,36
18068,1,101.69999999999999,1
18069,5,2009.24,334
18071,2,453.0,23
18072,1,247.44,18
18073,12,3859.82,23
18074,1,489.6,13
18075,10,2611.75,97
18077,11,2584.41,101
18078,2,336.13,27
18079,4,3613.15,99
18080,2,1231.5,2
18081,3,343.45,14
18082,1,680.84,62
18084,1,90.47999999999999,1
18085,2,689.95,25
18086,1,101.34,7
18087,2,4055.7199999999993,2
18088,1,166.03,35
18092,11,9068.26,28
18093,4,2106.52,31
18094,7,3017.3,39
18095,2,580.0500000000001,20
18096,3,849.06,157
18097,6,2662.4,65
18099,1,168.31,19
18101,2,222.4,37
18102,60,259657.3,150
18104,1,754.64,38
18105,1,113.48000000000002,18
18106,1,421.9,33
18108,1,271.0,17
18109,26,8004.92,119
18110,1,198.8,33
18112,2,352.69,26
18113,1,76.32000000000001,1
18114,1,220.1,28
18116,8,1403.1100000000001,230
18117,1,315.65,68
18118,26,5625.08,424
18119,1,180.7,29
18120,1,111.15,17
18121,2,653.3,28
18122,6,1793.06,239
18123,2,574.4399999999999,31
18125,4,1131.75,164
18126,1,200.92000000000002,52
18127,3,347.08,41
18129,1,112.55000000000001,13
18130,3,1059.39,58
18133,1,931.4999999999999,1
18135,5,681.9100000000001,11
18136,3,784.33,34
18138,1,152.65,8
18139,6,8438.34,35
18142,2,1019.52,9
18143,2,1000.16,59
18144,12,2888.75,27
18145,4,2861.55,174
18146,2,160.35000000000002,10
18147,2,179.33999999999997,7
18149,3,612.0799999999999,11
18150,3,566.58,29
18151,2,653.35,38
18154,2,399.19,15
18155,3,371.62,19
18156,2,675.64,100
18158,2,453.4,24
18159,1,530.15,23
18160,2,638.0600000000001,37
18161,5,1618.69,49
18164,1,399.65000000000003,24
18165,1,302.46000000000004,10
18167,3,1384.8600000000001,24
18168,6,1160.04,97
18169,1,202.65,9
18170,3,980.31,29
18171,5,1231.31,43
18172,20,7561.68,100
18173,4,2106.84,23
18174,1,104.0,1
18176,1,476.35,30
18177,6,1340.8700000000001,53
18178,4,1590.81,80
18179,6,1793.17,86
18180,6,1843.75,108
18181,1,366.85,40
18183,2,632.07,36
18184,1,49.8,1
18185,1,304.25,17
18188,3,2001.04,63
18189,2,1090.24,65
18190,2,284.46000000000004,14
18191,1,207.79999999999998,7
18192,1,957.97,45
18193,1,243.76,16
18194,1,973.8399999999999,7
18196,2,686.63,131
18198,17,5425.56,81
18200,1,150.35,29
18202,3,1396.99,55
18203,1,160.42000000000002,19
18204,3,1975.35,159
18205,2,517.36,30
18209,1,139.10000000000002,8
18210,6,2621.38,109
18211,5,600.07,37
18212,1,216.07,30
18213,1,232.48000000000002,15
18215,1,299.34000000000003,13
18216,1,481.75,26
18217,2,621.75,27
18218,2,641.92,17
18219,10,2069.77,58
18220,1,305.28000000000003,2
18221,5,1041.61,59
18222,1,443.0,19
18223,14,6484.54,116
18224,1,158.95000000000002,10
18225,12,5504.96,150
18226,11,5228.05,141
18227,1,93.75,5
18228,2,779.9,23
18229,20,7276.900000000001,66
18230,7,2810.2000000000003,32
18231,5,2071.77,106
18232,4,592.97,31
18233,1,440.0,1
18235,3,1796.48,100
18236,6,882.24,42
18237,5,987.1,40
18239,5,1561.6100000000001,80
18240,1,422.58,6
18241,17,2073.09,60
18242,4,2232.4900000000002,72
18245,7,2567.06,153
18246,2,596.1,3
18248,2,804.02,39
18249,1,95.34,8
18250,1,349.27,21
18251,1,4314.72,16
18252,2,518.27,90
18255,1,103.3,6
18257,8,2337.63,97
18259,3,2338.6000000000004,27
18260,6,2628.35,86
18261,2,324.24,19
18262,1,149.48,13
18263,3,1213.1599999999999,59
18265,2,801.51,44
18268,1,25.5,1
18269,1,168.6,7
18270,2,283.15,11
18272,6,3078.58,99
18273,3,204.0,1
18274,1,175.92,11
18276,1,335.86,14
18277,1,110.38,8
18278,1,173.9,9
18280,1,180.60000000000002,10
18281,1,80.82,7
18282,2,178.05,12
18283,16,2045.53,263
18287,3,1837.28,59
